nama_sekolah,npsn,rombel,guru_kelas,guru_matematika,guru_bahasa_indonesia,guru_bahasa_inggris,guru_sejarah_indonesia,guru_pkn,guru_penjaskes,guru_agama_budi_pekerti,guru_seni_budaya,ptk_laki,ptk_perempuan,pegawai_laki,pegawai_perempuan,pd_kelas_1_laki,pd_kelas_1_perempuan,pd_kelas_2_laki,pd_kelas_2_perempuan,pd_kelas_3_laki,pd_kelas_3_perempuan,pd_kelas_4_laki,pd_kelas_4_perempuan,pd_kelas_5_laki,pd_kelas_5_perempuan,pd_kelas_6_laki,pd_kelas_6_perempuan,pd_kelas_7_laki,pd_kelas_7_perempuan,pd_kelas_8_laki,pd_kelas_8_perempuan,pd_kelas_9_laki,pd_kelas_9_perempuan,pd_kelas_10_laki,pd_kelas_10_perempuan,pd_kelas_11_laki,pd_kelas_11_perempuan,pd_kelas_12_laki,pd_kelas_12_perempuan,pd_kelas_13_laki,pd_kelas_13_perempuan,jumlah_kirim,ptk,pegawai,pd,pd_laki,pd_perempuan,before_ruang_kelas,after_ruang_kelas,before_ruang_perpus,after_ruang_perpus,before_ruang_lab,after_ruang_lab,before_ruang_praktik,after_ruang_praktik,before_ruang_pimpinan,after_ruang_pimpinan,before_ruang_guru,after_ruang_guru,before_ruang_ibadah,after_ruang_ibadah,before_ruang_uks,after_ruang_uks,before_toilet,after_toilet,before_gudang,after_gudang,before_ruang_sirkulasi,after_ruang_sirkulasi,before_tempat_bermain_olahraga,after_tempat_bermain_olahraga,before_ruang_tu,after_ruang_tu,before_ruang_konseling,after_ruang_konseling,before_ruang_osis,after_ruang_osis,before_bangunan,after_bangunan,identitas_valid,ptk_valid,pd_valid,prasarana_valid,total_valid,sekolah_id,semester_id,sumber_air,sumber_air_minum,kecukupan_air_bersih,jamban_kk,tipe_jamban,jml_hari_cuci_tangan,jml_wastafel,jml_wastafel_rusak,air_mengalir_wastafel,memiliki_drainase,menguras_tangki_septik
SKB KABUPATEN BUNGO,P2960354,10,1,4,5,1,1,3,2,3,4,5,10,1,2,0,0,0,0,0,0,0,0,0,0,0,0,0,0,0,0,0,0,0,0,0,0,0,0,0,0,12,15,3,157,85,72,9,9,1,1,0,0,0,0,1,1,1,1,0,0,0,0,8,8,1,1,0,0,0,0,1,1,0,0,0,0,1,1,,,,,,,,,,,,,,,,,,
SKB PORSEA ,P9970065,8,1,2,0,0,0,0,0,1,0,0,6,2,2,0,0,0,0,0,0,0,0,0,0,0,0,0,0,0,0,0,0,0,0,0,0,0,0,0,0,10,6,4,91,43,48,2,2,0,0,0,0,0,0,1,1,1,1,0,0,0,0,2,2,1,1,0,0,0,0,1,1,0,0,0,0,1,1,,,,,,,,,,,,,,,,,,
SPNF SKB KOTA CIREBON,P9954248,9,0,0,1,0,0,1,1,0,0,4,10,5,1,0,0,0,0,0,0,0,0,0,0,0,0,0,0,0,0,0,0,0,0,0,0,0,0,0,0,35,14,6,105,66,39,10,10,1,1,1,1,1,1,1,1,2,2,1,1,1,1,5,5,2,2,0,0,1,1,1,1,0,0,0,0,8,8,,,,,,,,,,,,,,,,,,
PNF SKB,P9996365,15,6,1,1,1,1,2,1,2,0,2,16,10,4,0,0,0,0,0,0,0,0,0,0,0,0,0,0,0,0,0,0,0,0,0,0,0,0,0,0,6,18,14,118,84,34,11,11,1,1,0,0,0,0,1,1,1,1,0,0,0,0,5,5,1,1,0,0,0,0,0,0,0,0,0,0,7,7,,,,,,,,,,,,,,,,,,
SKB Kabupaten Bone,P9954175,31,14,1,2,2,1,2,0,2,0,10,41,0,3,0,0,0,0,0,0,0,0,0,0,0,0,0,0,0,0,0,0,0,0,0,0,0,0,0,0,5,51,3,987,559,428,20,20,0,0,2,2,0,0,1,1,1,1,0,0,0,0,8,8,0,0,0,0,0,0,1,1,0,0,0,0,18,18,,,,,,,,,,,,,,,,,,
SKB KOTA TANJUNGPINANG,P9969990,10,0,1,1,1,0,2,0,1,0,1,9,2,2,0,0,0,0,0,0,0,0,0,0,0,0,0,0,0,0,0,0,0,0,0,0,0,0,0,0,17,10,4,229,140,89,4,4,1,1,0,0,0,0,1,1,1,1,0,0,0,0,5,5,1,1,0,0,0,0,1,1,0,0,0,0,2,2,,,,,,,,,,,,,,,,,,
SKB KABUPATEN BOALEMO,P9954369,7,0,1,2,1,2,2,1,2,1,4,7,1,1,0,0,0,0,0,0,0,0,0,0,0,0,0,0,0,0,0,0,0,0,0,0,0,0,0,0,5,11,2,161,67,94,5,5,1,1,1,1,0,0,1,1,2,2,0,0,0,0,4,4,1,1,0,0,0,0,0,0,0,0,0,0,9,9,,,,,,,,,,,,,,,,,,
SKB KOTA PANGKALPINANG,P9948403,22,9,1,1,0,0,1,1,3,1,3,19,2,3,0,0,0,0,0,0,0,0,0,0,0,0,0,0,0,0,0,0,0,0,0,0,0,0,0,0,23,22,5,496,214,282,6,6,0,0,1,1,0,0,1,1,3,3,0,0,1,1,18,18,0,0,0,0,0,0,1,1,0,0,0,0,18,18,,,,,,,,,,,,,,,,,,
SKB MOPIDO,P9962697,14,2,1,2,2,1,1,1,4,1,3,13,0,10,0,0,0,0,0,0,0,0,0,0,0,0,0,0,0,0,0,0,0,0,0,0,0,0,0,0,56,16,10,441,258,183,3,4,0,0,1,1,0,0,1,1,1,1,0,1,0,1,2,3,0,0,0,0,0,0,1,1,0,0,0,0,5,6,,,,,,,,,,,,,,,,,,
SKB WONOGIRI,P9959913,9,1,1,2,1,2,1,2,6,3,5,11,1,1,0,0,0,0,0,0,0,0,0,0,0,0,0,0,0,0,0,0,0,0,0,0,0,0,0,0,8,16,2,174,88,86,14,14,1,1,0,0,1,1,1,1,1,1,1,1,1,1,6,6,1,1,0,0,0,0,0,0,0,0,0,0,1,1,,,,,,,,,,,,,,,,,,
SKB BALIKPAPAN TIMUR,P9945711,29,2,1,5,1,0,0,0,0,0,2,13,2,5,0,0,0,0,0,0,0,0,0,0,0,0,0,0,0,0,0,0,0,0,0,0,0,0,0,0,19,15,7,875,518,357,9,9,2,2,2,2,0,0,1,1,1,1,0,0,0,0,8,7,1,2,0,0,0,0,1,1,0,0,0,0,15,15,,,,,,,,,,,,,,,,,,
SKB DISDIKBUD ACEH SELATAN,P9970007,3,0,2,1,2,1,1,0,1,1,4,4,3,3,0,0,0,0,0,0,0,0,0,0,0,0,0,0,0,0,0,0,0,0,0,0,0,0,0,0,4,8,6,87,73,14,4,4,1,1,1,1,1,1,1,1,2,2,1,1,0,0,10,10,4,4,0,0,1,1,1,1,0,0,0,0,1,1,,,,,,,,,,,,,,,,,,
SKB II TANAH DATAR,P9970045,13,1,1,1,1,0,0,1,3,1,1,9,0,0,0,0,0,0,0,0,0,0,0,0,0,0,0,0,0,0,0,0,0,0,0,0,0,0,0,0,44,10,0,182,142,40,6,6,0,0,0,0,0,0,0,0,0,0,0,0,0,0,4,4,0,0,0,0,0,0,0,0,0,0,0,0,2,2,,,,,,,,,,,,,,,,,,
SKB Tanah Bumbu,P9970262,11,2,2,2,2,1,3,2,6,2,6,9,0,0,0,0,0,0,0,0,0,0,0,0,0,0,0,0,0,0,0,0,0,0,0,0,0,0,0,0,13,15,0,235,154,81,5,5,0,0,0,0,0,0,0,0,1,1,0,0,0,0,4,4,0,0,0,0,0,0,0,0,0,0,0,0,1,1,,,,,,,,,,,,,,,,,,
SKB LABUHANBATU,P9963179,4,1,0,0,0,0,0,0,2,0,0,3,1,1,0,0,0,0,0,0,0,0,0,0,0,0,0,0,0,0,0,0,0,0,0,0,0,0,0,0,4,3,2,60,24,36,8,8,0,0,1,1,0,0,3,3,1,1,1,1,0,0,1,1,1,1,1,1,0,0,1,1,0,0,0,0,2,2,,,,,,,,,,,,,,,,,,
SKB KABUPATEN NGANJUK,P9970334,11,2,1,1,2,0,1,2,3,3,5,8,3,2,0,0,0,0,0,0,0,0,0,0,0,0,0,0,0,0,0,0,0,0,0,0,0,0,0,0,33,13,5,245,146,99,5,5,1,1,1,1,2,2,1,1,2,2,1,1,0,0,2,2,0,0,0,0,0,0,1,1,0,0,0,0,7,7,,,,,,,,,,,,,,,,,,
SKB Kabupaten Seluma,P9970226,11,0,1,1,1,1,2,1,2,1,0,2,3,1,0,0,0,0,0,0,0,0,0,0,0,0,0,0,0,0,0,0,0,0,0,0,0,0,0,0,9,2,4,180,114,66,2,2,0,0,0,0,0,0,1,1,1,1,0,0,0,0,1,1,0,0,0,0,0,0,0,0,0,0,0,0,1,1,,,,,,,,,,,,,,,,,,
SKB KOTA CIMAHI,P9959904,12,2,1,1,1,1,1,2,3,0,6,22,2,5,0,0,0,0,0,0,0,0,0,0,0,0,0,0,0,0,0,0,0,0,0,0,0,0,0,0,15,28,7,276,167,109,12,12,0,0,1,1,0,0,1,1,1,1,1,1,0,0,4,4,2,2,0,0,0,0,1,1,0,0,0,0,4,4,,,,,,,,,,,,,,,,,,
SPNF SKB WALMAS,P9959660,17,1,3,7,2,1,2,4,6,4,4,23,0,1,0,0,0,0,0,0,0,0,0,0,0,0,0,0,0,0,0,0,0,0,0,0,0,0,0,0,8,27,1,363,253,110,6,6,0,0,0,0,0,0,0,0,1,1,0,0,0,0,4,4,0,0,0,0,0,0,0,0,0,0,0,0,1,1,,,,,,,,,,,,,,,,,,
SKB NATUNA,P9970341,19,1,2,3,1,1,4,6,2,2,1,10,1,3,0,0,0,0,0,0,0,0,0,0,0,0,0,0,0,0,0,0,0,0,0,0,0,0,0,0,12,11,4,347,178,169,2,2,0,0,0,0,0,0,1,1,1,1,0,0,0,0,9,9,0,0,0,0,0,0,0,0,0,0,0,0,3,3,,,,,,,,,,,,,,,,,,
SKB SONDER,P9954349,6,0,0,2,2,0,0,1,1,0,3,8,0,1,0,0,0,0,0,0,0,0,0,0,0,0,0,0,0,0,0,0,0,0,0,0,0,0,0,0,25,11,1,88,49,39,5,5,2,2,0,0,0,0,2,2,2,2,0,0,0,0,3,3,1,1,0,0,0,0,2,2,0,0,0,0,3,3,,,,,,,,,,,,,,,,,,
Skb Kota Solok,P9948162,11,3,1,4,1,1,2,0,4,0,3,16,2,4,0,0,0,0,0,0,0,0,0,0,0,0,0,0,0,0,0,0,0,0,0,0,0,0,0,0,15,19,6,213,156,57,15,15,1,1,0,0,0,0,1,1,1,1,0,0,0,0,9,9,0,0,1,1,0,0,2,2,1,1,0,0,13,13,,,,,,,,,,,,,,,,,,
SATUAN PENDIDIKAN NONFORMAL (SPNF) KABUPATEN BINTAN,P9970529,10,0,1,2,1,1,2,1,4,2,4,0,2,0,0,0,0,0,0,0,0,0,0,0,0,0,0,0,0,0,0,0,0,0,0,0,0,0,0,0,12,4,2,125,79,46,2,2,0,0,0,0,0,0,1,1,1,1,0,0,0,0,4,4,0,0,0,0,0,0,0,0,0,0,0,0,8,9,,,,,,,,,,,,,,,,,,
SKB SEBATIK,P9962889,0,0,0,0,0,0,0,0,0,0,0,0,0,0,0,0,0,0,0,0,0,0,0,0,0,0,0,0,0,0,0,0,0,0,0,0,0,0,0,0,0,0,0,0,0,0,3,0,1,0,0,0,0,0,1,0,1,0,0,0,0,0,2,0,0,0,0,0,0,0,1,0,0,0,0,0,1,1,,,,,,,,,,,,,,,,,,
SKB Balikpapan Utara,P9952475,29,4,5,4,1,0,3,2,6,3,4,16,1,3,0,0,0,0,0,0,0,0,0,0,0,0,0,0,0,0,0,0,0,0,0,0,0,0,0,0,15,20,4,852,487,365,4,17,1,1,1,1,0,0,0,0,1,1,0,0,0,0,3,3,0,0,0,0,0,0,0,0,0,0,0,0,5,6,,,,,,,,,,,,,,,,,,
SPN SKB MALRA,P9956821,9,0,4,3,2,2,5,0,4,0,3,4,1,1,0,0,0,0,0,0,0,0,0,0,0,0,0,0,0,0,0,0,0,0,0,0,0,0,0,0,4,7,2,256,158,98,4,4,0,0,0,0,0,0,0,0,1,1,0,0,0,0,4,4,0,0,0,0,0,0,0,0,0,0,0,0,6,6,,,,,,,,,,,,,,,,,,
SPNF SKB KOTA BUKITTINGGI,P9959893,9,0,3,2,1,1,2,1,4,0,0,10,2,1,0,0,0,0,0,0,0,0,0,0,0,0,0,0,0,0,0,0,0,0,0,0,0,0,0,0,15,10,3,172,119,53,9,9,0,0,0,0,0,0,1,1,1,1,0,0,0,0,3,3,0,0,0,0,0,0,1,1,0,0,0,0,4,4,,,,,,,,,,,,,,,,,,
SKB KEBUMEN,P9952843,15,3,0,0,0,0,0,0,3,0,5,11,3,1,0,0,0,0,0,0,0,0,0,0,0,0,0,0,0,0,0,0,0,0,0,0,0,0,0,0,5,16,4,278,188,90,13,13,1,1,3,3,0,0,1,1,1,1,0,0,0,0,10,10,2,2,0,0,0,0,1,1,0,0,0,0,1,1,,,,,,,,,,,,,,,,,,
SKB KABUPATEN ENDE,P9970219,18,0,2,4,1,0,3,0,3,0,3,2,1,0,0,0,0,0,0,0,0,0,0,0,0,0,0,0,0,0,0,0,0,0,0,0,0,0,0,0,13,5,1,227,122,105,2,2,1,1,0,0,0,0,0,0,1,1,0,0,0,0,1,1,0,0,0,0,0,0,1,1,0,0,0,0,1,1,,,,,,,,,,,,,,,,,,
SPNF SKB Kab. Kerinci,P9970441,0,0,0,0,0,0,0,0,0,0,0,0,0,0,0,0,0,0,0,0,0,0,0,0,0,0,0,0,0,0,0,0,0,0,0,0,0,0,0,0,0,0,0,0,0,0,5,0,0,0,0,0,0,0,1,0,1,0,1,0,0,0,1,0,0,0,0,0,0,0,1,0,0,0,0,0,4,4,,,,,,,,,,,,,,,,,,
SKB KABUPATEN SUKOHARJO,P9952648,20,7,5,4,2,1,3,4,6,4,8,17,3,2,0,0,0,0,0,0,0,0,0,0,0,0,0,0,0,0,0,0,0,0,0,0,0,0,0,0,12,25,5,330,169,161,18,18,1,1,1,1,0,0,1,1,2,2,1,1,0,0,10,10,1,1,0,0,0,0,1,1,0,0,0,0,3,3,,,,,,,,,,,,,,,,,,
Satuan Pendidikan Non Formal SKB Sangatta Selatan,P9970257,0,0,0,0,0,0,0,0,0,0,0,0,0,0,0,0,0,0,0,0,0,0,0,0,0,0,0,0,0,0,0,0,0,0,0,0,0,0,0,0,0,0,0,0,0,0,3,0,1,0,0,0,0,0,1,0,1,0,1,0,0,0,2,0,0,0,0,0,0,0,0,0,0,0,0,0,2,2,,,,,,,,,,,,,,,,,,
SKB MAJALENGKA ,P9963040,9,1,4,4,4,3,4,2,4,3,2,6,1,0,0,0,0,0,0,0,0,0,0,0,0,0,0,0,0,0,0,0,0,0,0,0,0,0,0,0,12,8,1,235,154,81,3,3,2,2,3,3,0,0,1,1,6,6,1,1,0,0,1,1,1,1,1,1,0,0,2,2,0,0,0,0,6,6,,,,,,,,,,,,,,,,,,
SKB KOTA METRO,P9952513,13,2,3,3,2,1,4,2,4,3,8,8,3,2,0,0,0,0,0,0,0,0,0,0,0,0,0,0,0,0,0,0,0,0,0,0,0,0,0,0,29,16,5,348,277,71,9,9,1,1,1,1,0,0,1,1,1,1,1,1,0,0,8,8,1,1,0,0,0,0,1,1,0,0,0,0,8,8,,,,,,,,,,,,,,,,,,
Satuan Pendidikan Non Formal Sanggar Kegiatan Belajar(SPNF-SKB) Kab.Dharmasraya,P9959710,6,0,1,1,1,1,1,2,2,2,2,4,1,0,0,0,0,0,0,0,0,0,0,0,0,0,0,0,0,0,0,0,0,0,0,0,0,0,0,0,8,6,1,77,63,14,6,6,1,1,1,1,0,0,1,1,1,1,0,0,0,0,1,1,0,0,0,0,0,0,0,0,0,0,0,0,1,1,,,,,,,,,,,,,,,,,,
SKB TINANGGEA,P9959761,7,0,5,5,2,3,4,0,4,0,0,1,1,1,0,0,0,0,0,0,0,0,0,0,0,0,0,0,0,0,0,0,0,0,0,0,0,0,0,0,19,1,2,151,107,44,3,3,0,0,0,0,0,0,0,0,1,1,0,0,0,0,2,2,0,0,0,0,0,0,0,0,0,0,0,0,1,1,,,,,,,,,,,,,,,,,,
SKB MAPANDE,P9954302,9,0,1,2,1,0,2,1,2,0,6,12,3,1,0,0,0,0,0,0,0,0,0,0,0,0,0,0,0,0,0,0,0,0,0,0,0,0,0,0,16,18,4,179,103,76,3,3,1,1,2,2,0,0,1,1,2,2,1,1,0,0,9,9,1,1,0,0,0,0,0,0,0,0,0,0,9,9,,,,,,,,,,,,,,,,,,
SKB KAB.BUTON,P9957084,8,0,1,3,1,1,0,0,4,0,5,5,0,3,0,0,0,0,0,0,0,0,0,0,0,0,0,0,0,0,0,0,0,0,0,0,0,0,0,0,30,10,3,209,143,66,7,7,0,0,1,1,0,0,1,1,1,1,0,0,0,0,6,6,0,0,0,0,0,0,0,0,0,0,0,0,5,5,,,,,,,,,,,,,,,,,,
UPT SATUAN PNF SKB,P9959689,15,3,2,2,2,0,2,2,3,0,4,5,3,1,0,0,0,0,0,0,0,0,0,0,0,0,0,0,0,0,0,0,0,0,0,0,0,0,0,0,34,9,4,270,196,74,6,6,1,1,1,1,0,0,0,0,1,1,0,0,0,0,7,7,0,0,0,0,0,0,0,0,0,0,0,0,2,2,,,,,,,,,,,,,,,,,,
SPNF TOMPASOBARU,P9984800,0,0,0,0,0,0,0,0,0,0,0,0,0,0,0,0,0,0,0,0,0,0,0,0,0,0,0,0,0,0,0,0,0,0,0,0,0,0,0,0,0,0,0,0,0,0,2,0,0,0,0,0,0,0,1,0,0,0,0,0,0,0,0,0,0,0,0,0,0,0,0,0,0,0,0,0,1,1,,,,,,,,,,,,,,,,,,
Satuan PNF SKB Kota Semarang,P2965477,22,1,0,0,0,0,0,0,2,0,4,9,5,1,0,0,0,0,0,0,0,0,0,0,0,0,0,0,0,0,0,0,0,0,0,0,0,0,0,0,13,13,6,481,266,215,14,14,2,2,1,1,0,0,1,1,4,4,1,1,1,1,2,2,1,1,0,0,0,0,0,0,1,1,0,0,20,20,,,,,,,,,,,,,,,,,,
UPTD SKB LAMPUNG TIMUR,P9952552,6,0,0,0,0,0,0,0,2,0,6,5,2,1,0,0,0,0,0,0,0,0,0,0,0,0,0,0,0,0,0,0,0,0,0,0,0,0,0,0,11,11,3,76,53,23,1,1,1,1,1,1,0,0,1,1,1,1,1,1,0,0,5,5,3,3,0,0,0,0,0,0,0,0,0,0,1,1,,,,,,,,,,,,,,,,,,
SKB KABUPATEN SUMENEP,P9945654,9,0,1,1,1,1,2,2,3,2,6,2,1,7,0,0,0,0,0,0,0,0,0,0,0,0,0,0,0,0,0,0,0,0,0,0,0,0,0,0,7,8,8,114,74,40,3,3,0,0,0,0,1,1,1,1,1,1,0,0,0,0,1,1,1,1,0,0,0,0,0,0,0,0,0,0,1,1,,,,,,,,,,,,,,,,,,
SPNF WIL II,P9954079,0,0,0,0,0,0,0,0,0,0,0,0,0,0,0,0,0,0,0,0,0,0,0,0,0,0,0,0,0,0,0,0,0,0,0,0,0,0,0,0,0,0,0,0,0,0,5,0,1,0,0,0,0,0,1,0,0,0,0,0,0,0,6,0,2,0,0,0,0,0,9,0,0,0,0,0,1,1,,,,,,,,,,,,,,,,,,
SKB KOTA TIDORE KEPULAUAN,P9963020,7,0,5,5,2,2,3,2,2,2,3,8,0,1,0,0,0,0,0,0,0,0,0,0,0,0,0,0,0,0,0,0,0,0,0,0,0,0,0,0,12,11,1,169,109,60,8,8,0,0,1,1,0,0,1,1,1,1,0,0,0,0,3,3,0,0,0,0,0,0,1,1,0,0,0,0,5,5,,,,,,,,,,,,,,,,,,
SKB KABUPATEN MUSI BANYUASIN,P9959914,11,1,2,1,1,0,2,0,3,0,2,4,1,0,0,0,0,0,0,0,0,0,0,0,0,0,0,0,0,0,0,0,0,0,0,0,0,0,0,0,6,6,1,193,115,78,11,13,0,0,0,0,0,0,0,0,1,1,0,0,0,0,4,4,0,0,0,0,0,0,0,0,0,0,0,0,1,1,,,,,,,,,,,,,,,,,,
SKB KAB. PIDIE,P9954234,1,0,1,1,1,1,1,0,1,0,1,5,6,3,0,0,0,0,0,0,0,0,0,0,0,0,0,0,0,0,0,0,0,0,0,0,0,0,0,0,13,6,9,27,24,3,4,4,1,1,0,0,0,0,1,1,1,1,0,0,0,0,2,2,1,1,0,0,0,0,0,0,0,0,0,0,1,1,,,,,,,,,,,,,,,,,,
Sanggar Kegiatan Belajar (SKB) Bintuni,P9947985,1,0,0,0,0,0,1,0,0,0,1,0,3,0,0,0,0,0,0,0,0,0,0,0,0,0,0,0,0,0,0,0,0,0,0,0,0,0,0,0,5,1,3,27,13,14,30,30,1,1,0,0,0,0,0,0,1,1,0,0,0,0,2,2,0,0,0,0,0,0,0,0,0,0,0,0,1,1,,,,,,,,,,,,,,,,,,
SPNF SKB KLATEN,P2962074,12,3,0,0,0,0,0,0,3,0,3,7,4,2,0,0,0,0,0,0,0,0,0,0,0,0,0,0,0,0,0,0,0,0,0,0,0,0,0,0,9,10,6,187,144,43,5,5,0,0,2,2,0,0,2,2,1,1,1,1,0,0,2,2,6,6,1,1,0,0,1,1,0,0,0,0,29,29,,,,,,,,,,,,,,,,,,
SKB MANDAILING NATAL,P9959925,6,0,0,0,0,0,0,0,2,0,5,10,1,0,0,0,0,0,0,0,0,0,0,0,0,0,0,0,0,0,0,0,0,0,0,0,0,0,0,0,3,15,1,100,87,13,3,3,0,0,1,1,0,0,1,1,1,1,0,0,0,0,4,4,1,1,0,0,0,0,1,1,0,0,0,0,11,11,,,,,,,,,,,,,,,,,,
SKB REJANG LEBONG,P9963062,15,3,4,2,3,1,2,2,5,2,3,11,2,0,0,0,0,0,0,0,0,0,0,0,0,0,0,0,0,0,0,0,0,0,0,0,0,0,0,0,15,14,2,333,196,137,8,8,0,0,0,0,0,0,1,1,1,1,0,0,0,0,5,5,1,1,0,0,0,0,2,2,0,0,0,0,5,5,,,,,,,,,,,,,,,,,,
SPNF SKB H. DARIYAH,P9959677,8,1,1,1,2,1,1,1,1,1,4,6,1,1,0,0,0,0,0,0,0,0,0,0,0,0,0,0,0,0,0,0,0,0,0,0,0,0,0,0,13,10,2,166,114,52,5,5,1,1,0,0,0,0,1,1,2,2,1,1,1,1,7,7,0,0,0,0,0,0,2,2,0,0,0,0,9,9,,,,,,,,,,,,,,,,,,
UPTD SPNF SKB UNGARAN,P9962735,27,3,2,5,2,0,0,0,10,0,6,19,2,4,0,0,0,0,0,0,0,0,0,0,0,0,0,0,0,0,0,0,0,0,0,0,0,0,0,0,12,25,6,272,153,119,21,21,0,0,0,0,0,0,1,1,3,3,1,1,0,0,4,4,0,0,0,0,0,0,0,0,0,0,0,0,6,6,,,,,,,,,,,,,,,,,,
SKB KABUPATEN SIGI,P9963107,10,0,0,0,0,0,2,0,0,0,1,4,1,1,0,0,0,0,0,0,0,0,0,0,0,0,0,0,0,0,0,0,0,0,0,0,0,0,0,0,6,5,2,209,123,86,6,6,1,1,1,1,0,0,1,1,2,2,0,0,0,0,4,4,1,1,0,0,0,0,1,1,0,0,0,0,1,1,,,,,,,,,,,,,,,,,,
SKB KOTA BINJAI,P9963092,0,0,0,0,0,0,0,0,0,0,0,0,0,0,0,0,0,0,0,0,0,0,0,0,0,0,0,0,0,0,0,0,0,0,0,0,0,0,0,0,0,0,0,0,0,0,9,0,1,0,0,0,0,0,1,0,1,0,1,0,0,0,2,0,1,0,0,0,0,0,1,0,0,0,0,0,1,1,,,,,,,,,,,,,,,,,,
SPNF SKB Bone Bolango,P2965081,6,0,0,1,0,0,3,1,0,0,2,5,1,1,0,0,0,0,0,0,0,0,0,0,0,0,0,0,0,0,0,0,0,0,0,0,0,0,0,0,8,7,2,83,34,49,2,3,1,1,0,0,0,0,1,1,1,1,1,1,0,0,3,3,1,1,0,0,0,0,1,1,0,0,0,0,5,4,,,,,,,,,,,,,,,,,,
SKB  KAB. MAMUJU,P9947929,9,0,1,2,1,1,2,1,2,1,5,8,0,10,0,0,0,0,0,0,0,0,0,0,0,0,0,0,0,0,0,0,0,0,0,0,0,0,0,0,20,13,10,224,120,104,8,8,0,0,0,0,0,0,0,0,1,1,0,0,0,0,0,0,0,0,0,0,0,0,0,0,0,0,0,0,1,1,,,,,,,,,,,,,,,,,,
SPNF SKB KAB.SOLOK,P9963167,11,1,2,2,1,1,2,2,3,2,3,7,1,2,0,0,0,0,0,0,0,0,0,0,0,0,0,0,0,0,0,0,0,0,0,0,0,0,0,0,16,10,3,206,156,50,4,4,1,1,1,1,0,0,1,1,1,1,1,1,0,0,1,1,2,2,0,0,0,0,1,1,0,0,0,0,2,5,,,,,,,,,,,,,,,,,,
SKB MAVALI,P9954303,6,0,1,1,1,1,1,1,1,1,4,11,2,3,0,0,0,0,0,0,0,0,0,0,0,0,0,0,0,0,0,0,0,0,0,0,0,0,0,0,11,15,5,90,46,44,5,5,0,0,0,0,0,0,1,1,1,1,1,1,0,0,7,7,3,3,0,0,0,0,1,1,0,0,0,0,11,11,,,,,,,,,,,,,,,,,,
SKB Kota Banjarbaru,P9962864,22,0,0,1,0,0,0,0,10,0,1,10,2,4,0,0,0,0,0,0,0,0,0,0,0,0,0,0,0,0,0,0,0,0,0,0,0,0,0,0,19,11,6,664,391,273,9,9,1,1,0,0,0,0,0,0,1,1,0,0,0,0,4,4,0,0,0,0,0,0,1,1,0,0,0,0,3,3,,,,,,,,,,,,,,,,,,
SKB KONAWE UTARA,P9959940,4,0,1,1,1,1,1,1,1,0,5,3,1,0,0,0,0,0,0,0,0,0,0,0,0,0,0,0,0,0,0,0,0,0,0,0,0,0,0,0,7,8,1,107,65,42,8,8,1,1,0,0,0,0,0,0,1,1,0,0,0,0,5,5,1,1,0,0,0,0,1,1,0,0,0,0,1,1,,,,,,,,,,,,,,,,,,
SKB GEDONG TATAAN,P9959954,5,1,1,1,2,1,2,1,1,1,1,6,1,0,0,0,0,0,0,0,0,0,0,0,0,0,0,0,0,0,0,0,0,0,0,0,0,0,0,0,4,7,1,84,56,28,4,4,1,1,1,1,0,0,1,1,1,1,1,1,0,0,10,10,1,1,0,0,0,0,2,2,0,0,0,0,1,1,,,,,,,,,,,,,,,,,,
UPTD SPNF SKB  KOTA BANJAR,P2960303,1,0,1,0,0,0,0,0,0,0,1,0,0,0,0,0,0,0,0,0,0,0,0,0,0,0,0,0,0,0,0,0,0,0,0,0,0,0,0,0,3,1,0,1,1,0,3,3,0,0,0,0,0,0,1,1,1,1,0,0,0,0,3,3,0,0,0,0,0,0,0,0,0,0,0,0,1,1,,,,,,,,,,,,,,,,,,
SPNF SKB TIMOR TENGAH UTARA,P9954094,3,0,2,1,1,1,2,1,1,2,3,2,0,1,0,0,0,0,0,0,0,0,0,0,0,0,0,0,0,0,0,0,0,0,0,0,0,0,0,0,2,5,1,54,35,19,5,5,0,0,1,1,0,0,1,1,1,1,0,0,0,0,1,1,0,0,0,0,0,0,0,0,0,0,0,0,2,2,,,,,,,,,,,,,,,,,,
SKB KABUPATEN DOMPU,P9970019,5,0,1,0,0,0,0,0,1,0,5,4,8,1,0,0,0,0,0,0,0,0,0,0,0,0,0,0,0,0,0,0,0,0,0,0,0,0,0,0,13,9,9,87,53,34,3,3,1,1,1,1,0,0,1,1,1,1,0,0,0,0,4,4,0,0,0,0,0,0,1,1,0,0,0,0,1,1,,,,,,,,,,,,,,,,,,
SKB Rokan Hulu,P9962967,5,0,1,1,1,1,1,1,1,1,3,3,0,1,0,0,0,0,0,0,0,0,0,0,0,0,0,0,0,0,0,0,0,0,0,0,0,0,0,0,3,6,1,44,34,10,9,9,1,1,1,1,0,0,1,1,1,1,0,0,0,0,5,5,1,1,0,0,0,0,2,2,0,0,0,0,1,1,,,,,,,,,,,,,,,,,,
SKB REMBANG,P9963098,10,1,1,0,1,1,1,2,3,2,3,17,1,3,0,0,0,0,0,0,0,0,0,0,0,0,0,0,0,0,0,0,0,0,0,0,0,0,0,0,3,20,4,170,113,57,12,12,2,2,3,3,0,0,1,1,3,3,0,0,0,0,8,8,0,0,0,0,0,0,1,1,0,0,0,0,9,9,,,,,,,,,,,,,,,,,,
SPNF SKB BONDOWOSO,P9970296,12,2,1,1,1,1,1,0,2,0,5,10,3,2,0,0,0,0,0,0,0,0,0,0,0,0,0,0,0,0,0,0,0,0,0,0,0,0,0,0,20,15,5,167,92,75,21,21,1,1,0,0,1,1,1,1,3,3,1,1,0,0,9,9,2,2,0,0,0,0,1,1,0,0,0,0,14,14,,,,,,,,,,,,,,,,,,
UPT SPNF SKB Kepulauan,P9970214,16,1,1,2,0,0,4,0,1,0,3,3,4,4,0,0,0,0,0,0,0,0,0,0,0,0,0,0,0,0,0,0,0,0,0,0,0,0,0,0,11,6,8,524,283,241,1,1,0,0,0,0,0,0,1,1,1,1,0,0,0,0,3,3,0,0,0,0,0,0,1,1,0,0,0,0,1,1,,,,,,,,,,,,,,,,,,
SPNF SKB KABUPATEN KAUR,P9960014,13,1,0,0,0,0,0,0,4,0,5,9,2,3,0,0,0,0,0,0,0,0,0,0,0,0,0,0,0,0,0,0,0,0,0,0,0,0,0,0,13,14,5,415,267,148,7,7,1,1,0,0,0,0,1,1,1,1,0,0,0,0,2,2,0,0,0,0,0,0,0,0,0,0,0,0,9,9,,,,,,,,,,,,,,,,,,
SPNF SKB KABUPATEN KENDAL,P9948534,19,6,3,2,2,0,2,2,4,3,2,13,2,2,0,0,0,0,0,0,0,0,0,0,0,0,0,0,0,0,0,0,0,0,0,0,0,0,0,0,27,15,4,334,164,170,18,18,0,0,0,0,0,0,1,1,2,2,1,1,2,2,7,7,0,0,0,0,0,0,0,0,0,0,0,0,16,16,,,,,,,,,,,,,,,,,,
SKB Temanggung,P9959935,17,3,3,3,0,0,2,2,6,2,4,6,1,5,0,0,0,0,0,0,0,0,0,0,0,0,0,0,0,0,0,0,0,0,0,0,0,0,0,0,14,10,6,347,230,117,13,13,1,1,0,0,0,0,1,1,2,1,1,0,0,0,14,18,1,2,0,0,0,0,2,1,0,0,0,0,19,19,,,,,,,,,,,,,,,,,,
SKB KAB. TOJO UNA-UNA,P9960034,6,1,0,0,0,1,1,0,0,0,2,7,1,0,0,0,0,0,0,0,0,0,0,0,0,0,0,0,0,0,0,0,0,0,0,0,0,0,0,0,3,9,1,122,71,51,10,10,1,1,0,0,0,0,1,1,1,1,0,0,0,0,1,1,0,0,0,0,0,0,0,0,0,0,0,0,5,5,,,,,,,,,,,,,,,,,,
SPNF - SKB KABUPATEN CIAMIS,P9963024,17,1,1,1,1,1,2,2,3,3,2,10,0,1,0,0,0,0,0,0,0,0,0,0,0,0,0,0,0,0,0,0,0,0,0,0,0,0,0,0,7,12,1,293,144,149,8,8,0,0,0,0,0,0,1,1,1,1,1,1,0,0,4,4,1,1,0,0,0,0,1,1,0,0,0,0,1,1,,,,,,,,,,,,,,,,,,
SATUAN PENDIDIKAN NONFORMAL KABUPATEN LOMBOK BARAT,P9962806,16,5,3,3,2,1,2,0,3,0,1,13,9,4,0,0,0,0,0,0,0,0,0,0,0,0,0,0,0,0,0,0,0,0,0,0,0,0,0,0,26,14,13,208,85,123,12,12,0,0,0,0,0,0,1,1,2,2,0,0,0,0,27,27,1,1,0,0,0,0,1,1,0,0,0,0,10,10,,,,,,,,,,,,,,,,,,
SKB PADANG LAWAS UTARA,P9960031,15,1,4,2,1,0,2,1,3,0,2,5,1,3,0,0,0,0,0,0,0,0,0,0,0,0,0,0,0,0,0,0,0,0,0,0,0,0,0,0,6,7,4,436,327,109,5,5,0,0,0,0,0,0,0,0,0,0,0,0,0,0,1,1,0,0,0,0,0,0,0,0,0,0,0,0,5,5,,,,,,,,,,,,,,,,,,
SANGGAR KEGIATAN BELAJAR,P9984803,13,1,2,2,1,1,2,3,2,2,2,3,1,0,0,0,0,0,0,0,0,0,0,0,0,0,0,0,0,0,0,0,0,0,0,0,0,0,0,0,14,5,1,169,121,48,3,3,0,0,0,0,0,0,1,1,1,1,0,0,0,0,4,4,1,1,0,0,0,0,1,1,0,0,0,0,2,2,,,,,,,,,,,,,,,,,,
UPT SPNF SKB Daratan,P9970215,10,0,3,3,2,1,3,3,3,2,4,5,3,5,0,0,0,0,0,0,0,0,0,0,0,0,0,0,0,0,0,0,0,0,0,0,0,0,0,0,13,9,8,273,190,83,7,10,1,1,0,0,0,0,0,0,1,1,0,0,0,0,3,3,0,0,0,0,0,0,0,0,0,0,0,0,10,10,,,,,,,,,,,,,,,,,,
SANGGAR KEGIATAN BELAJAR (SKB) JEPARA,P9954390,27,6,10,14,2,1,7,16,18,17,10,25,3,4,0,0,0,0,0,0,0,0,0,0,0,0,0,0,0,0,0,0,0,0,0,0,0,0,0,0,20,35,7,542,287,255,18,18,1,1,2,2,0,0,1,1,2,2,2,2,0,0,16,16,1,1,1,1,0,0,2,2,0,0,0,0,24,24,,,,,,,,,,,,,,,,,,
SPNF SKB BINTAUNA,P9954429,7,0,1,2,1,1,2,1,3,0,6,8,0,1,0,0,0,0,0,0,0,0,0,0,0,0,0,0,0,0,0,0,0,0,0,0,0,0,0,0,4,14,1,252,151,101,7,7,0,0,0,0,0,0,1,1,1,1,0,0,0,0,3,3,0,0,0,0,0,0,1,1,0,0,0,0,3,3,,,,,,,,,,,,,,,,,,
SKB KOTA TERNATE,P9956837,5,0,1,2,1,0,1,2,2,2,3,5,3,1,0,0,0,0,0,0,0,0,0,0,0,0,0,0,0,0,0,0,0,0,0,0,0,0,0,0,8,8,4,81,45,36,3,3,0,0,1,1,0,0,1,1,1,1,1,1,0,0,5,5,0,0,0,0,0,0,2,2,0,0,0,0,1,1,,,,,,,,,,,,,,,,,,
SPNF SKB BANJARNEGARA,P9959990,20,1,1,2,1,0,1,1,5,1,5,15,2,6,0,0,0,0,0,0,0,0,0,0,0,0,0,0,0,0,0,0,0,0,0,0,0,0,0,0,23,20,8,437,254,183,11,11,1,1,0,0,0,0,1,1,2,2,1,1,0,0,9,9,1,1,0,0,0,0,1,1,0,0,0,0,17,17,,,,,,,,,,,,,,,,,,
SKB OGAN ILIR,P9947922,6,0,1,1,1,1,1,1,5,1,2,4,1,2,0,0,0,0,0,0,0,0,0,0,0,0,0,0,0,0,0,0,0,0,0,0,0,0,0,0,4,6,3,96,83,13,3,3,1,1,0,0,0,0,1,1,2,2,1,1,0,0,4,4,3,3,0,0,0,0,1,1,0,0,0,0,3,3,,,,,,,,,,,,,,,,,,
SKB SEJIRAN SETASON MUNTOK,P9952798,8,0,1,2,1,1,2,2,2,2,0,6,1,0,0,0,0,0,0,0,0,0,0,0,0,0,0,0,0,0,0,0,0,0,0,0,0,0,0,0,19,6,1,177,112,65,4,4,0,0,0,0,0,0,1,1,1,1,0,0,0,0,3,3,1,1,0,0,0,0,0,0,0,0,0,0,1,1,,,,,,,,,,,,,,,,,,
SKB KRAKSAAN,P9947701,26,0,0,1,0,0,9,0,1,0,3,2,2,5,0,0,0,0,0,0,0,0,0,0,0,0,0,0,0,0,0,0,0,0,0,0,0,0,0,0,5,5,7,438,186,252,11,11,1,1,2,2,0,0,1,1,1,1,1,1,0,0,2,2,1,1,0,0,0,0,0,0,0,0,0,0,1,1,,,,,,,,,,,,,,,,,,
SKB Lima Puluh Kota,P9954325,11,2,1,2,1,1,2,2,3,2,3,11,0,1,0,0,0,0,0,0,0,0,0,0,0,0,0,0,0,0,0,0,0,0,0,0,0,0,0,0,21,14,1,145,115,30,5,5,0,0,0,0,0,0,1,1,2,2,1,1,0,0,2,2,1,1,0,0,0,0,0,0,0,0,0,0,3,3,,,,,,,,,,,,,,,,,,
SKB KOTA KUPANG,P9956856,8,0,2,1,1,1,2,1,2,0,3,7,2,4,0,0,0,0,0,0,0,0,0,0,0,0,0,0,0,0,0,0,0,0,0,0,0,0,0,0,9,10,6,217,169,48,4,4,1,1,1,1,0,0,1,1,1,1,0,0,0,0,5,5,0,0,0,0,0,0,1,1,0,0,0,0,7,7,,,,,,,,,,,,,,,,,,
SPNF SKB GU,P9970490,12,0,1,4,1,1,2,3,2,0,2,0,1,0,0,0,0,0,0,0,0,0,0,0,0,0,0,0,0,0,0,0,0,0,0,0,0,0,0,0,8,2,1,209,113,96,11,11,0,0,0,0,0,0,0,0,1,1,0,0,0,0,2,2,1,1,0,0,0,0,0,0,0,0,0,0,4,4,,,,,,,,,,,,,,,,,,
SANGGAR KEGIATAN BELAJAR,P9960039,5,6,1,1,2,1,2,0,1,0,4,17,1,1,0,0,0,0,0,0,0,0,0,0,0,0,0,0,0,0,0,0,0,0,0,0,0,0,0,0,11,21,2,71,46,25,6,6,1,1,0,0,0,0,1,1,1,1,1,1,0,0,9,9,3,3,1,1,0,0,1,1,0,0,0,0,6,6,,,,,,,,,,,,,,,,,,
UPTD SPNF SKB SALATIGA,P9952699,12,3,0,0,0,0,0,0,3,0,3,19,0,1,0,0,0,0,0,0,0,0,0,0,0,0,0,0,0,0,0,0,0,0,0,0,0,0,0,0,28,22,1,161,106,55,6,6,1,1,0,0,0,0,1,1,3,3,1,1,1,1,9,9,2,2,0,0,0,0,1,1,0,0,0,0,10,10,,,,,,,,,,,,,,,,,,
SKB BANYUASIN,P9956850,13,1,0,0,0,0,0,0,0,1,0,12,1,2,0,0,0,0,0,0,0,0,0,0,0,0,0,0,0,0,0,0,0,0,0,0,0,0,0,0,14,12,3,367,278,89,4,4,0,0,1,1,0,0,1,1,1,1,1,1,0,0,6,6,0,0,0,0,0,0,0,0,0,0,0,0,15,15,,,,,,,,,,,,,,,,,,
SPNF SKB PRINGSEWU,P9959795,8,0,2,2,2,1,3,2,3,4,4,7,1,1,0,0,0,0,0,0,0,0,0,0,0,0,0,0,0,0,0,0,0,0,0,0,0,0,0,0,35,11,2,184,130,54,17,17,1,1,0,0,0,0,1,1,1,1,0,0,0,0,5,5,1,1,0,0,0,0,1,1,0,0,0,0,2,2,,,,,,,,,,,,,,,,,,
SKB BANTUL,P9952556,13,0,3,4,0,0,0,0,0,1,5,8,6,3,0,0,0,0,0,0,0,0,0,0,0,0,0,0,0,0,0,0,0,0,0,0,0,0,0,0,8,13,9,282,172,110,3,3,0,0,1,1,0,0,1,1,1,1,1,1,0,0,0,0,0,0,0,0,0,0,1,1,0,0,0,0,14,14,,,,,,,,,,,,,,,,,,
SPNF-SKB KERSANA,P9970315,23,0,0,0,0,0,0,0,4,0,3,5,3,3,0,0,0,0,0,0,0,0,0,0,0,0,0,0,0,0,0,0,0,0,0,0,0,0,0,0,29,8,6,438,273,165,9,9,1,1,1,1,1,0,0,0,0,0,0,0,0,0,5,5,0,0,0,0,0,0,1,1,0,0,0,0,13,13,,,,,,,,,,,,,,,,,,
SPNF SANGGAR KEGIATAN BELAJAR (SKB),P9984356,2,0,0,0,0,0,0,0,1,0,6,5,3,3,0,0,0,0,0,0,0,0,0,0,0,0,0,0,0,0,0,0,0,0,0,0,0,0,0,0,5,11,6,32,22,10,2,4,0,0,0,0,0,0,1,1,1,1,0,0,0,0,3,3,0,0,0,0,0,0,0,0,0,0,0,0,8,9,,,,,,,,,,,,,,,,,,
SANGGAR KEGIATAN BELAJAR KABUPATEN PENUKAL ABAB LEMATANG ILIR,P9970333,13,2,0,0,0,0,0,0,5,0,2,9,0,1,0,0,0,0,0,0,0,0,0,0,0,0,0,0,0,0,0,0,0,0,0,0,0,0,0,0,16,11,1,312,191,121,11,11,1,1,1,1,0,0,1,1,1,1,0,0,1,1,6,6,0,0,0,0,0,0,1,1,0,0,0,0,1,1,,,,,,,,,,,,,,,,,,
SKB GROBOGAN ,P9954376,14,0,0,1,1,0,0,0,1,0,5,10,1,3,0,0,0,0,0,0,0,0,0,0,0,0,0,0,0,0,0,0,0,0,0,0,0,0,0,0,5,15,4,394,191,203,10,10,1,1,2,2,1,1,1,1,3,3,1,1,0,0,11,11,0,0,0,0,0,0,1,1,1,1,0,0,16,16,,,,,,,,,,,,,,,,,,
SKB KATINGAN HARATI,P9959997,6,0,0,0,0,0,0,0,2,0,2,4,1,2,0,0,0,0,0,0,0,0,0,0,0,0,0,0,0,0,0,0,0,0,0,0,0,0,0,0,12,6,3,47,20,27,2,2,1,1,0,0,0,0,1,1,1,1,0,0,0,0,2,2,2,2,0,0,0,0,1,1,0,0,0,0,4,4,,,,,,,,,,,,,,,,,,
SKB SINTANG ,P9962667,23,0,9,13,7,2,6,9,14,7,7,12,1,1,0,0,0,0,0,0,0,0,0,0,0,0,0,0,0,0,0,0,0,0,0,0,0,0,0,0,13,19,2,772,476,296,16,16,1,1,0,0,1,1,1,1,1,1,1,1,0,0,9,9,1,1,0,0,0,0,1,1,0,0,0,0,3,3,,,,,,,,,,,,,,,,,,
SKB Kabupaten Kupang,P9970167,9,3,0,1,1,0,0,0,1,0,3,6,3,0,0,0,0,0,0,0,0,0,0,0,0,0,0,0,0,0,0,0,0,0,0,0,0,0,0,0,10,9,3,113,35,78,7,7,0,0,1,1,0,0,2,2,1,1,0,0,0,0,7,7,1,1,0,0,0,0,1,1,0,0,0,0,9,9,,,,,,,,,,,,,,,,,,
SKB PASAMAN,P9945779,22,0,1,2,2,0,1,0,3,0,4,13,0,5,0,0,0,0,0,0,0,0,0,0,0,0,0,0,0,0,0,0,0,0,0,0,0,0,0,0,12,17,5,495,371,124,4,4,1,1,0,0,0,0,0,0,1,1,0,0,0,0,2,2,1,1,0,0,0,0,1,1,0,0,0,0,10,10,,,,,,,,,,,,,,,,,,
SKB POHUWATO,P9956936,7,0,2,3,1,1,3,0,2,0,0,9,0,5,0,0,0,0,0,0,0,0,0,0,0,0,0,0,0,0,0,0,0,0,0,0,0,0,0,0,10,9,5,226,121,105,7,7,1,1,1,1,0,0,1,1,1,1,0,0,0,0,3,3,1,1,0,0,0,0,1,1,0,0,0,0,1,1,,,,,,,,,,,,,,,,,,
SKB KOTA YOGYAKARTA,P2960844,18,4,5,3,5,2,3,2,9,5,4,17,3,4,0,0,0,0,0,0,0,0,0,0,0,0,0,0,0,0,0,0,0,0,0,0,0,0,0,0,27,21,7,268,173,95,14,14,1,1,1,1,0,0,1,1,1,1,1,1,0,0,4,4,1,1,0,0,0,0,1,1,0,0,0,0,2,2,,,,,,,,,,,,,,,,,,
SPNF-SKB WILAYAH II,P9970508,0,0,0,0,0,0,0,0,0,0,0,2,0,0,0,0,0,0,0,0,0,0,0,0,0,0,0,0,0,0,0,0,0,0,0,0,0,0,0,0,0,2,0,0,0,0,2,0,0,0,0,0,0,0,1,0,1,0,0,0,0,0,3,0,0,0,0,0,0,0,1,0,0,0,0,0,2,2,,,,,,,,,,,,,,,,,,
SKB KABUPATEN MAGELANG,P9952492,18,5,0,0,0,0,0,0,8,0,6,19,3,2,0,0,0,0,0,0,0,0,0,0,0,0,0,0,0,0,0,0,0,0,0,0,0,0,0,0,6,25,5,411,256,155,13,13,1,1,11,11,0,0,1,1,1,1,1,1,0,0,5,5,0,0,0,0,0,0,0,0,0,0,0,0,1,1,,,,,,,,,,,,,,,,,,
SKB LOMBOK TIMUR,P9962772,4,0,1,1,1,1,1,1,1,0,3,4,1,2,0,0,0,0,0,0,0,0,0,0,0,0,0,0,0,0,0,0,0,0,0,0,0,0,0,0,13,7,3,80,46,34,1,1,1,1,1,1,1,1,1,1,1,1,1,1,0,0,7,7,0,0,0,0,0,0,0,0,0,0,0,0,8,8,,,,,,,,,,,,,,,,,,
SPNF MODOINDING,P9984886,0,0,0,0,0,0,0,0,0,0,0,0,0,0,0,0,0,0,0,0,0,0,0,0,0,0,0,0,0,0,0,0,0,0,0,0,0,0,0,0,0,0,0,0,0,0,2,0,0,0,0,0,0,0,0,0,1,0,0,0,0,0,1,0,0,0,0,0,0,0,0,0,0,0,0,0,1,1,,,,,,,,,,,,,,,,,,
SKB Kabupaten Tapin,P9968075,7,0,1,2,2,1,1,2,2,2,1,6,0,0,0,0,0,0,0,0,0,0,0,0,0,0,0,0,0,0,0,0,0,0,0,0,0,0,0,0,14,7,0,116,72,44,6,6,0,0,1,1,0,0,1,1,1,1,0,0,0,0,7,7,0,0,0,0,0,0,1,1,0,0,0,0,1,1,,,,,,,,,,,,,,,,,,
SKB KAB. SERAM BAGIAN TIMUR,P9970636,0,0,0,0,0,0,0,0,0,0,0,0,0,1,0,0,0,0,0,0,0,0,0,0,0,0,0,0,0,0,0,0,0,0,0,0,0,0,0,0,0,0,1,0,0,0,0,0,0,0,0,0,0,0,0,0,0,0,0,0,0,0,0,0,0,0,0,0,0,0,0,0,0,0,0,0,1,1,,,,,,,,,,,,,,,,,,
SKB TABALONG,P9948319,8,0,0,1,1,1,3,4,5,4,7,11,1,0,0,0,0,0,0,0,0,0,0,0,0,0,0,0,0,0,0,0,0,0,0,0,0,0,0,0,14,18,1,152,76,76,8,9,0,0,0,0,0,0,1,1,2,2,1,1,0,0,6,6,0,0,0,0,0,0,1,1,0,0,0,0,6,6,,,,,,,,,,,,,,,,,,
SKB KABUPATEN BENGKULU SELATAN ,P9959968,4,0,3,3,3,1,3,1,1,0,16,11,2,2,0,0,0,0,0,0,0,0,0,0,0,0,0,0,0,0,0,0,0,0,0,0,0,0,0,0,5,27,4,42,37,5,3,6,2,2,0,0,1,1,2,2,3,3,1,1,0,0,3,3,1,1,0,0,0,0,2,2,0,0,0,0,3,3,,,,,,,,,,,,,,,,,,
SKB BLORA,P9952584,40,6,0,0,0,0,0,0,3,0,1,13,0,2,0,0,0,0,0,0,0,0,0,0,0,0,0,0,0,0,0,0,0,0,0,0,0,0,0,0,14,14,2,1050,469,581,18,18,0,0,0,0,0,0,1,1,1,1,0,0,0,0,10,10,1,1,0,0,0,0,0,0,0,0,0,0,12,12,,,,,,,,,,,,,,,,,,
SKB KABUPATEN SERANG,P9970198,10,1,1,1,2,1,2,5,3,3,9,8,0,1,0,0,0,0,0,0,0,0,0,0,0,0,0,0,0,0,0,0,0,0,0,0,0,0,0,0,5,17,1,225,156,69,8,8,1,1,1,1,0,0,1,1,1,1,1,1,0,0,2,2,0,0,0,0,0,0,0,0,1,1,0,0,1,1,,,,,,,,,,,,,,,,,,
SKB Purwokerto,P9952499,6,0,1,1,1,1,2,1,1,3,2,7,3,1,0,0,0,0,0,0,0,0,0,0,0,0,0,0,0,0,0,0,0,0,0,0,0,0,0,0,14,9,4,95,46,49,11,11,2,2,1,1,0,0,1,1,3,3,1,1,1,1,4,4,1,1,0,0,0,0,1,1,0,0,0,0,7,7,,,,,,,,,,,,,,,,,,
SPNF SKB BENGKULU TENGAH,P9962676,14,1,2,1,1,1,1,1,1,0,2,11,0,1,0,0,0,0,0,0,0,0,0,0,0,0,0,0,0,0,0,0,0,0,0,0,0,0,0,0,21,13,1,360,191,169,4,4,1,1,1,1,0,0,1,1,1,1,0,0,0,0,6,6,0,0,0,0,0,0,0,0,0,0,0,0,1,1,,,,,,,,,,,,,,,,,,
SKB KOTA JAMBI,P9945683,11,2,3,3,1,1,1,4,5,4,4,12,1,2,0,0,0,0,0,0,0,0,0,0,0,0,0,0,0,0,0,0,0,0,0,0,0,0,0,0,19,16,3,191,125,66,8,8,0,0,0,0,0,0,1,1,2,2,0,0,0,0,8,8,0,0,0,0,0,0,1,1,0,0,0,0,5,5,,,,,,,,,,,,,,,,,,
SPNF SKB kota Pematangsiantar,P9970332,7,1,1,1,1,1,2,1,4,0,4,6,0,3,0,0,0,0,0,0,0,0,0,0,0,0,0,0,0,0,0,0,0,0,0,0,0,0,0,0,24,10,3,118,90,28,6,6,0,0,1,1,0,0,1,1,1,1,0,0,0,0,2,2,1,1,0,0,0,0,0,0,0,0,0,0,1,1,,,,,,,,,,,,,,,,,,
SKB OKU,P9959888,7,0,4,3,2,1,4,2,5,2,1,7,2,0,0,0,0,0,0,0,0,0,0,0,0,0,0,0,0,0,0,0,0,0,0,0,0,0,0,0,10,8,2,110,79,31,11,11,3,3,2,2,0,0,1,1,2,2,1,1,0,0,7,7,0,0,0,0,0,0,0,0,0,0,0,0,1,1,,,,,,,,,,,,,,,,,,
SKB Karawang,P9962927,8,3,1,2,1,0,2,0,1,1,2,9,1,0,0,0,0,0,0,0,0,0,0,0,0,0,0,0,0,0,0,0,0,0,0,0,0,0,0,0,13,11,1,161,102,59,6,6,1,1,0,0,0,0,1,1,1,1,1,1,0,0,5,5,1,1,0,0,0,0,1,1,0,0,0,0,3,3,,,,,,,,,,,,,,,,,,
SPNF SKB Padang Panjang,P9948215,13,5,2,1,1,1,3,2,4,3,3,13,2,0,0,0,0,0,0,0,0,0,0,0,0,0,0,0,0,0,0,0,0,0,0,0,0,0,0,0,57,16,2,176,114,62,9,9,0,0,1,1,0,0,1,1,1,1,1,1,1,1,4,4,1,1,0,0,0,0,1,1,0,0,0,0,5,5,,,,,,,,,,,,,,,,,,
UPTD SPNF SKB PAREPARE,P9970280,14,4,0,0,0,0,2,0,1,0,3,14,0,2,0,0,0,0,0,0,0,0,0,0,0,0,0,0,0,0,0,0,0,0,0,0,0,0,0,0,25,17,2,353,277,76,9,9,1,1,0,0,0,0,1,1,1,1,0,0,0,0,6,6,1,1,0,0,0,0,1,1,0,0,0,0,4,4,,,,,,,,,,,,,,,,,,
SPNF SKB TAPANULI SELATAN,P9952911,7,2,1,1,1,1,1,0,2,2,1,11,2,1,0,0,0,0,0,0,0,0,0,0,0,0,0,0,0,0,0,0,0,0,0,0,0,0,0,0,6,12,3,103,82,21,8,8,1,1,1,1,0,0,1,1,1,1,1,1,0,0,4,4,1,1,0,0,0,0,1,1,0,0,0,0,1,1,,,,,,,,,,,,,,,,,,
SKB KABUPATEN LEMBATA,P9963175,8,3,1,1,0,1,0,0,2,0,0,9,1,0,0,0,0,0,0,0,0,0,0,0,0,0,0,0,0,0,0,0,0,0,0,0,0,0,0,0,33,9,1,222,157,65,7,7,0,0,0,0,1,1,1,1,1,1,0,0,0,0,2,2,0,0,0,0,0,0,0,0,0,0,0,0,4,4,,,,,,,,,,,,,,,,,,
SKB KUBU RAYA,P9952915,26,2,0,0,1,0,0,0,3,0,2,12,1,3,0,0,0,0,0,0,0,0,0,0,0,0,0,0,0,0,0,0,0,0,0,0,0,0,0,0,15,14,4,352,175,177,14,14,1,1,0,0,0,0,1,1,1,1,1,1,1,1,6,6,1,1,0,0,0,0,1,1,0,0,0,0,5,5,,,,,,,,,,,,,,,,,,
SPNF SKB Kota Manado,P9960012,0,0,0,0,0,0,0,0,0,0,0,0,0,0,0,0,0,0,0,0,0,0,0,0,0,0,0,0,0,0,0,0,0,0,0,0,0,0,0,0,0,0,0,0,0,0,8,0,0,0,0,0,0,0,1,0,1,0,0,0,0,0,6,0,0,0,0,0,0,0,0,0,0,0,0,0,5,5,,,,,,,,,,,,,,,,,,
SPNF - SKB Buleleng,P9952888,6,0,3,1,2,1,2,2,4,2,6,5,3,3,0,0,0,0,0,0,0,0,0,0,0,0,0,0,0,0,0,0,0,0,0,0,0,0,0,0,14,11,6,77,50,27,6,6,1,1,1,1,0,0,1,1,1,1,0,0,0,0,8,8,0,0,0,0,0,0,4,4,0,0,0,0,10,10,,,,,,,,,,,,,,,,,,
SPNF SKB SIKKA,P9963182,11,0,0,0,1,0,1,0,4,0,5,16,2,3,0,0,0,0,0,0,0,0,0,0,0,0,0,0,0,0,0,0,0,0,0,0,0,0,0,0,12,21,5,329,212,117,6,6,1,1,1,1,0,0,1,1,2,2,0,0,0,0,2,2,0,0,0,0,0,0,1,1,0,0,0,0,10,10,,,,,,,,,,,,,,,,,,
SANGGAR KEGIATAN BELAJAR (SKB) KOTA PRABUMULIH,P9996570,5,0,2,2,2,1,1,2,1,2,2,4,0,1,0,0,0,0,0,0,0,0,0,0,0,0,0,0,0,0,0,0,0,0,0,0,0,0,0,0,4,6,1,47,29,18,2,2,0,0,0,0,0,0,0,0,1,1,0,0,1,1,2,2,0,0,0,0,0,0,0,0,0,0,0,0,2,2,,,,,,,,,,,,,,,,,,
SKB LAMPUNG SELATAN,P9970344,17,2,0,0,1,0,0,0,5,1,0,6,1,1,0,0,0,0,0,0,0,0,0,0,0,0,0,0,0,0,0,0,0,0,0,0,0,0,0,0,14,6,2,478,295,183,20,20,0,0,0,0,0,0,1,1,1,1,0,0,0,0,2,2,0,0,0,0,0,0,0,0,0,0,0,0,3,3,,,,,,,,,,,,,,,,,,
SPNF SKB BANJAR,P9956933,28,0,3,1,1,1,2,2,3,3,0,11,0,3,0,0,0,0,0,0,0,0,0,0,0,0,0,0,0,0,0,0,0,0,0,0,0,0,0,0,16,11,3,533,278,255,9,9,0,0,0,0,0,0,1,1,1,1,0,0,0,0,4,4,0,0,0,0,0,0,0,0,0,0,0,0,2,2,,,,,,,,,,,,,,,,,,
SKB SUMBA TENGAH,P9954396,18,0,1,0,0,0,1,0,0,0,2,3,1,0,0,0,0,0,0,0,0,0,0,0,0,0,0,0,0,0,0,0,0,0,0,0,0,0,0,0,6,5,1,247,143,104,8,8,0,0,0,0,0,0,0,0,1,1,0,0,0,0,2,2,0,0,0,0,0,0,0,0,0,0,0,0,1,1,,,,,,,,,,,,,,,,,,
SKB CILACAP,P9948532,21,6,0,0,0,0,0,0,8,0,7,11,4,2,0,0,0,0,0,0,0,0,0,0,0,0,0,0,0,0,0,0,0,0,0,0,0,0,0,0,10,18,6,351,177,174,16,16,1,1,2,2,0,0,2,2,2,2,0,0,0,0,10,10,0,0,5,5,0,0,1,1,0,0,0,0,18,18,,,,,,,,,,,,,,,,,,
SKB Kota Bontang,P9948476,9,0,2,3,2,1,3,5,3,5,5,7,1,3,0,0,0,0,0,0,0,0,0,0,0,0,0,0,0,0,0,0,0,0,0,0,0,0,0,0,7,12,4,169,92,77,5,5,1,1,1,1,0,0,0,0,1,1,0,0,0,0,9,9,0,0,0,0,0,0,1,1,0,0,0,0,2,2,,,,,,,,,,,,,,,,,,
UPTD SPNF SKB KABUPATEN KLUNGKUNG,P9984330,6,2,0,0,0,0,1,0,1,0,1,8,5,2,0,0,0,0,0,0,0,0,0,0,0,0,0,0,0,0,0,0,0,0,0,0,0,0,0,0,11,9,7,98,47,51,5,2,0,0,0,0,0,0,1,1,3,3,1,1,0,0,0,4,1,1,0,0,0,0,2,2,0,0,0,0,14,12,,,,,,,,,,,,,,,,,,
SKB MUNA,P9962878,9,2,4,2,3,0,3,1,2,2,1,1,0,1,0,0,0,0,0,0,0,0,0,0,0,0,0,0,0,0,0,0,0,0,0,0,0,0,0,0,2,2,1,109,61,48,3,3,0,0,0,0,0,0,1,1,1,1,0,0,0,0,2,2,0,0,0,0,0,0,1,1,0,0,0,0,5,5,,,,,,,,,,,,,,,,,,
SKB Kota Samarinda,P9948327,31,5,0,0,0,0,0,0,5,0,5,8,6,4,0,0,0,0,0,0,0,0,0,0,0,0,0,0,0,0,0,0,0,0,0,0,0,0,0,0,34,13,10,731,501,230,13,13,2,2,0,0,0,0,1,1,2,2,0,0,0,0,12,12,0,0,0,0,0,0,1,1,0,0,0,0,7,7,,,,,,,,,,,,,,,,,,
SPNF SKB ENREKANG,P9947977,6,1,1,1,1,1,1,2,4,2,5,8,1,0,0,0,0,0,0,0,0,0,0,0,0,0,0,0,0,0,0,0,0,0,0,0,0,0,0,0,5,13,1,147,91,56,15,15,0,0,0,0,0,0,1,1,1,1,0,0,0,0,4,4,0,0,0,0,0,0,0,0,0,0,0,0,7,7,,,,,,,,,,,,,,,,,,
SANGGAR KEGIATAN BELAJAR (SKB) RADEN MATTAHER,P9996934,5,0,1,0,1,0,0,1,1,0,3,0,1,0,0,0,0,0,0,0,0,0,0,0,0,0,0,0,0,0,0,0,0,0,0,0,0,0,0,0,5,3,1,56,31,25,2,2,0,0,0,0,0,0,0,0,1,1,0,0,0,0,1,1,0,0,0,0,0,0,0,0,0,0,0,0,2,2,,,,,,,,,,,,,,,,,,
SPNF SKB KOTA TOMOHON,P9962817,6,0,0,0,0,0,0,0,2,0,0,6,1,1,0,0,0,0,0,0,0,0,0,0,0,0,0,0,0,0,0,0,0,0,0,0,0,0,0,0,4,6,2,119,79,40,6,6,0,0,0,0,0,0,1,1,1,1,0,0,0,0,3,3,0,0,0,0,0,0,0,0,0,0,0,0,1,1,,,,,,,,,,,,,,,,,,
SPNF SKB LUBUK PAKAM,P9952525,7,1,1,2,1,1,2,0,1,0,3,8,2,0,0,0,0,0,0,0,0,0,0,0,0,0,0,0,0,0,0,0,0,0,0,0,0,0,0,0,30,11,2,89,60,29,4,4,0,0,0,0,0,0,1,1,3,3,0,0,0,0,3,3,0,0,0,0,0,0,1,1,0,0,0,0,7,7,,,,,,,,,,,,,,,,,,
SKB KUTAI BARAT,P9960016,8,2,0,0,0,0,1,0,1,0,0,10,0,3,0,0,0,0,0,0,0,0,0,0,0,0,0,0,0,0,0,0,0,0,0,0,0,0,0,0,7,10,3,32,18,14,11,2,0,0,0,0,0,0,0,0,0,0,0,0,0,0,3,3,2,0,0,0,0,0,0,0,0,0,0,0,1,1,,,,,,,,,,,,,,,,,,
SPNF SANGGAR KEGIATAN BELAJAR (SKB),P9970680,9,0,1,1,1,1,0,0,0,0,1,4,1,0,0,0,0,0,0,0,0,0,0,0,0,0,0,0,0,0,0,0,0,0,0,0,0,0,0,0,14,5,1,110,88,22,3,3,0,0,0,0,0,0,1,1,1,1,1,1,0,0,2,2,0,0,0,0,0,0,1,1,0,0,0,0,5,5,,,,,,,,,,,,,,,,,,
SKB BELU,P9968056,13,2,3,3,1,2,1,0,4,0,2,8,1,0,0,0,0,0,0,0,0,0,0,0,0,0,0,0,0,0,0,0,0,0,0,0,0,0,0,0,34,10,1,395,254,141,19,19,0,0,0,0,0,0,1,1,1,1,0,0,0,0,2,2,0,0,0,0,0,0,1,1,0,0,0,0,8,8,,,,,,,,,,,,,,,,,,
SKB LIMBOTO,P9948430,23,0,4,4,4,6,8,0,7,0,3,13,0,3,0,0,0,0,0,0,0,0,0,0,0,0,0,0,0,0,0,0,0,0,0,0,0,0,0,0,17,16,3,410,188,222,10,10,1,1,3,3,0,0,1,1,4,4,1,1,0,0,10,10,1,1,0,0,1,1,1,1,0,0,0,0,2,2,,,,,,,,,,,,,,,,,,
SPNF - SKB WILAYAH III,P9970583,8,0,2,2,2,1,2,2,5,2,3,8,1,8,0,0,0,0,0,0,0,0,0,0,0,0,0,0,0,0,0,0,0,0,0,0,0,0,0,0,18,11,9,154,84,70,3,3,0,0,0,0,0,0,1,1,0,0,0,0,0,0,1,1,0,0,0,0,0,0,0,0,0,0,0,0,4,2,,,,,,,,,,,,,,,,,,
SKB KOLAKA TIMUR,P9959659,4,1,2,2,2,1,2,0,1,0,1,2,1,0,0,0,0,0,0,0,0,0,0,0,0,0,0,0,0,0,0,0,0,0,0,0,0,0,0,0,3,3,1,177,137,40,3,3,0,0,0,0,0,0,1,1,1,1,0,0,0,0,2,2,0,0,0,0,0,0,0,0,0,0,0,0,1,1,,,,,,,,,,,,,,,,,,
SKB BUOL,P9956926,11,1,2,2,1,1,3,0,3,0,5,7,7,3,0,0,0,0,0,0,0,0,0,0,0,0,0,0,0,0,0,0,0,0,0,0,0,0,0,0,10,12,10,321,189,132,3,3,0,0,1,1,0,0,0,0,1,1,1,1,0,0,2,2,1,1,0,0,0,0,0,0,0,0,0,0,8,8,,,,,,,,,,,,,,,,,,
SKB KOTA TASIKMALAYA,P9962727,9,2,2,1,2,1,1,0,1,0,5,8,2,4,0,0,0,0,0,0,0,0,0,0,0,0,0,0,0,0,0,0,0,0,0,0,0,0,0,0,8,13,6,192,110,82,14,14,1,1,1,1,0,0,1,1,1,1,1,1,1,1,3,3,1,1,1,1,1,1,1,1,2,2,0,0,2,2,,,,,,,,,,,,,,,,,,
SKB KABUPATEN TANGERANG,P9970187,10,1,1,1,0,0,2,1,2,1,1,3,0,1,0,0,0,0,0,0,0,0,0,0,0,0,0,0,0,0,0,0,0,0,0,0,0,0,0,0,3,4,1,154,79,75,9,9,1,1,0,0,0,0,1,1,1,1,1,1,0,0,4,4,1,1,0,0,1,1,0,0,0,0,0,0,8,8,,,,,,,,,,,,,,,,,,
SPNF - SKB KABUPATEN ACEH JAYA,P9985043,8,0,1,0,0,0,0,1,1,0,3,6,3,0,0,0,0,0,0,0,0,0,0,0,0,0,0,0,0,0,0,0,0,0,0,0,0,0,0,0,14,9,3,201,137,64,1,6,0,0,0,0,0,0,1,1,1,1,0,0,0,0,3,3,0,0,0,0,0,0,2,2,0,0,0,0,3,3,,,,,,,,,,,,,,,,,,
SKB PANGKAJENE DAN KEPULAUAN,P9948373,21,0,1,4,2,2,3,2,4,2,4,4,0,1,0,0,0,0,0,0,0,0,0,0,0,0,0,0,0,0,0,0,0,0,0,0,0,0,0,0,1,8,1,407,114,293,12,12,1,1,0,0,0,0,1,1,1,1,1,1,1,1,1,1,1,1,1,1,1,1,1,1,2,2,1,1,1,1,,,,,,,,,,,,,,,,,,
SKB Kabupaten Aceh Timur,P9954136,9,3,1,1,1,1,2,0,2,0,3,10,3,2,0,0,0,0,0,0,0,0,0,0,0,0,0,0,0,0,0,0,0,0,0,0,0,0,0,0,14,13,5,177,122,55,6,6,1,1,0,0,0,0,1,1,1,1,0,0,0,0,6,6,1,1,0,0,0,0,1,1,0,0,0,0,7,7,,,,,,,,,,,,,,,,,,
SKB OKU SELATAN,P9985038,4,0,1,1,1,0,0,0,1,0,3,7,2,0,0,0,0,0,0,0,0,0,0,0,0,0,0,0,0,0,0,0,0,0,0,0,0,0,0,0,3,10,2,32,26,6,5,5,0,0,0,0,0,0,1,1,0,0,0,0,0,0,2,2,0,0,0,0,0,0,0,0,0,0,0,0,2,2,,,,,,,,,,,,,,,,,,
SKB KAB.LEBAK,P9980055,7,1,1,1,1,0,2,2,2,3,3,6,3,1,0,0,0,0,0,0,0,0,0,0,0,0,0,0,0,0,0,0,0,0,0,0,0,0,0,0,8,9,4,159,102,57,7,7,1,1,0,0,1,1,1,1,1,1,0,0,0,0,4,4,0,0,0,0,0,0,1,1,0,0,0,0,4,4,,,,,,,,,,,,,,,,,,
SPNF SKB SONGULARA,P9956894,10,3,1,4,1,2,3,2,3,3,4,8,0,1,0,0,0,0,0,0,0,0,0,0,0,0,0,0,0,0,0,0,0,0,0,0,0,0,0,0,8,12,1,141,83,58,11,11,0,0,0,0,0,0,1,1,1,1,1,1,0,0,8,8,1,1,0,0,0,0,1,1,0,0,0,0,1,1,,,,,,,,,,,,,,,,,,
SPNF SKB KOTA DEPOK,P9970384,38,3,6,6,2,2,5,3,18,3,8,8,2,2,0,0,0,0,0,0,0,0,0,0,0,0,0,0,0,0,0,0,0,0,0,0,0,0,0,0,37,16,4,1407,861,546,50,50,0,0,1,1,0,0,1,1,1,1,1,1,0,0,3,3,0,0,0,0,0,0,1,1,0,0,0,0,1,1,,,,,,,,,,,,,,,,,,
SPNF SKB KOTA BEKASI,P9962957,12,1,1,1,1,1,1,0,4,2,6,8,1,1,0,0,0,0,0,0,0,0,0,0,0,0,0,0,0,0,0,0,0,0,0,0,0,0,0,0,43,14,2,168,107,61,5,5,1,1,0,0,1,1,1,1,1,1,1,1,0,0,1,1,1,1,0,0,0,0,1,1,0,0,0,0,1,1,,,,,,,,,,,,,,,,,,
SKB KABUPATEN SLEMAN,P9959833,16,6,2,2,2,1,2,3,5,2,5,16,5,5,0,0,0,0,0,0,0,0,0,0,0,0,0,0,0,0,0,0,0,0,0,0,0,0,0,0,17,21,10,151,111,40,19,19,1,1,1,1,0,0,1,1,1,1,1,1,1,1,8,8,1,1,0,0,1,1,1,1,0,0,0,0,9,9,,,,,,,,,,,,,,,,,,
SKB TUTUYAN,P9963095,0,0,0,0,0,0,0,0,0,0,0,0,0,0,0,0,0,0,0,0,0,0,0,0,0,0,0,0,0,0,0,0,0,0,0,0,0,0,0,0,0,0,0,0,0,0,1,0,0,0,0,0,0,0,0,0,0,0,1,0,0,0,3,0,0,0,0,0,0,0,0,0,0,0,0,0,1,1,,,,,,,,,,,,,,,,,,
SATUAN PENDIDIKAN NON FORMAL SKB SANGATTA UTARA,P9948091,39,1,5,6,3,2,5,6,8,9,3,17,4,1,0,0,0,0,0,0,0,0,0,0,0,0,0,0,0,0,0,0,0,0,0,0,0,0,0,0,22,20,5,929,606,323,8,8,0,0,1,1,0,0,1,1,1,1,1,1,0,0,7,7,1,1,0,0,1,1,0,0,0,0,0,0,5,5,,,,,,,,,,,,,,,,,,
SKB BANGGAI,P9948206,8,0,2,2,1,1,2,1,1,1,1,4,3,0,0,0,0,0,0,0,0,0,0,0,0,0,0,0,0,0,0,0,0,0,0,0,0,0,0,0,10,5,3,282,173,109,4,4,1,1,1,1,0,0,1,1,1,1,1,1,0,0,8,8,0,0,0,0,0,0,1,1,0,0,0,0,3,3,,,,,,,,,,,,,,,,,,
SKB KOTA PAYAKUMBUH,P9970073,8,0,1,2,2,1,3,3,4,0,5,9,2,2,0,0,0,0,0,0,0,0,0,0,0,0,0,0,0,0,0,0,0,0,0,0,0,0,0,0,3,14,4,126,94,32,8,8,1,1,0,0,0,0,1,1,1,1,1,1,0,0,13,13,1,1,0,0,0,0,1,1,0,0,0,0,10,10,,,,,,,,,,,,,,,,,,
SKB MESUJI INDAH,P9984295,9,0,1,1,1,1,1,1,1,2,4,3,3,0,0,0,0,0,0,0,0,0,0,0,0,0,0,0,0,0,0,0,0,0,0,0,0,0,0,0,12,7,3,188,134,54,1,1,0,0,0,0,0,0,0,0,1,1,0,0,0,0,0,0,0,0,0,0,0,0,0,0,0,0,0,0,2,2,,,,,,,,,,,,,,,,,,
SKB SPNF KABUPATEN TEGAL,P9959671,17,3,2,4,2,2,3,2,5,4,8,9,2,3,0,0,0,0,0,0,0,0,0,0,0,0,0,0,0,0,0,0,0,0,0,0,0,0,0,0,31,17,5,346,192,154,18,18,1,1,1,1,0,0,1,1,1,1,1,1,0,0,5,5,0,0,0,0,1,1,1,1,0,0,0,0,12,12,,,,,,,,,,,,,,,,,,
SKB KAKAS,P9952768,14,2,1,1,1,1,1,0,1,0,2,8,0,1,0,0,0,0,0,0,0,0,0,0,0,0,0,0,0,0,0,0,0,0,0,0,0,0,0,0,5,10,1,354,251,103,7,7,1,1,0,0,0,0,1,1,1,1,0,0,0,0,3,3,0,0,0,0,0,0,1,1,0,0,0,0,10,10,,,,,,,,,,,,,,,,,,
SKB ACEH UTARA ,P9948312,7,1,0,2,0,0,0,0,0,0,6,14,1,1,0,0,0,0,0,0,0,0,0,0,0,0,0,0,0,0,0,0,0,0,0,0,0,0,0,0,12,20,2,93,57,36,3,3,0,0,0,0,0,0,0,0,0,0,0,0,0,0,0,0,0,0,0,0,0,0,0,0,0,0,0,0,2,2,,,,,,,,,,,,,,,,,,
SPNF SKB BATANG HARI,P9996171,0,0,0,0,0,0,0,0,0,0,0,0,0,0,0,0,0,0,0,0,0,0,0,0,0,0,0,0,0,0,0,0,0,0,0,0,0,0,0,0,0,0,0,0,0,0,4,0,0,0,0,0,0,0,0,0,1,0,0,0,0,0,2,0,0,0,0,0,0,0,0,0,0,0,0,0,1,1,,,,,,,,,,,,,,,,,,
SPN SEJENIS SKB KABUPATEN NIAS,P9963162,4,0,1,1,1,1,1,1,1,1,4,3,2,0,0,0,0,0,0,0,0,0,0,0,0,0,0,0,0,0,0,0,0,0,0,0,0,0,0,0,22,7,2,46,20,26,6,6,0,0,0,0,0,0,1,1,1,1,0,0,0,0,3,3,0,0,0,0,0,0,0,0,0,0,0,0,2,2,,,,,,,,,,,,,,,,,,
SPNF SKB Kabupaten Kepulauan Sula,P9970254,3,0,3,3,2,1,3,2,3,2,1,3,2,0,0,0,0,0,0,0,0,0,0,0,0,0,0,0,0,0,0,0,0,0,0,0,0,0,0,0,6,4,2,53,35,18,6,6,0,0,0,0,0,0,1,1,1,1,0,0,0,0,2,2,0,0,0,0,0,0,1,1,0,0,0,0,5,5,,,,,,,,,,,,,,,,,,
SKB Batang,P9934703,14,8,0,0,2,0,1,2,0,0,6,10,2,0,0,0,0,0,0,0,0,0,0,0,0,0,0,0,0,0,0,0,0,0,0,0,0,0,0,0,17,16,2,220,113,107,7,7,0,0,1,1,0,0,1,1,1,1,0,0,0,0,8,8,0,0,0,0,0,0,0,0,0,0,0,0,5,5,,,,,,,,,,,,,,,,,,
SKB KABUPATEN WONOSOBO,P9948196,20,3,8,7,6,3,8,7,18,9,8,5,2,2,0,0,0,0,0,0,0,0,0,0,0,0,0,0,0,0,0,0,0,0,0,0,0,0,0,0,15,13,4,523,360,163,10,20,1,1,1,1,0,0,1,1,1,1,0,0,1,1,3,3,1,1,0,0,0,0,1,1,0,0,0,0,3,3,,,,,,,,,,,,,,,,,,
SKB Kabupaten Badung,P9962766,2,0,2,1,1,1,1,0,1,0,0,0,0,1,0,0,0,0,0,0,0,0,0,0,0,0,0,0,0,0,0,0,0,0,0,0,0,0,0,0,3,0,1,24,17,7,7,7,1,1,0,0,0,0,1,1,1,1,0,0,1,1,15,15,2,2,0,0,0,0,1,1,0,0,0,0,9,9,,,,,,,,,,,,,,,,,,
SANGGAR KEGIATAN BELAJAR MOROWALI,P9962956,6,1,0,0,0,0,0,0,1,0,9,3,1,0,0,0,0,0,0,0,0,0,0,0,0,0,0,0,0,0,0,0,0,0,0,0,0,0,0,0,3,12,1,323,201,122,17,17,0,0,0,0,0,0,1,1,1,1,0,0,0,0,4,4,10,10,0,0,0,0,0,0,0,0,0,0,37,37,,,,,,,,,,,,,,,,,,
SKB SIDRAP,P9959937,12,0,0,2,1,1,3,0,0,0,5,12,2,2,0,0,0,0,0,0,0,0,0,0,0,0,0,0,0,0,0,0,0,0,0,0,0,0,0,0,6,17,4,269,166,103,12,13,1,1,1,1,0,0,1,1,1,1,0,0,0,0,2,2,1,1,0,0,0,0,1,1,0,0,0,0,1,1,,,,,,,,,,,,,,,,,,
SKB Kabupaten Jembrana,P9970098,4,0,1,1,1,1,1,1,1,1,1,3,0,1,0,0,0,0,0,0,0,0,0,0,0,0,0,0,0,0,0,0,0,0,0,0,0,0,0,0,9,4,1,127,59,68,1,1,0,0,0,0,0,0,0,0,1,1,0,0,0,0,2,2,0,0,1,1,0,0,0,0,0,0,0,0,2,2,,,,,,,,,,,,,,,,,,
SPNF SKB KOTA BANDA ACEH,P9970432,7,0,2,2,1,1,2,2,3,1,2,18,2,1,0,0,0,0,0,0,0,0,0,0,0,0,0,0,0,0,0,0,0,0,0,0,0,0,0,0,16,20,3,157,82,75,28,28,1,1,1,1,0,0,1,1,2,2,1,1,1,1,3,3,1,1,0,0,0,0,1,1,1,1,0,0,2,2,,,,,,,,,,,,,,,,,,
SPNF SKB Kabupaten Hulu Sungai Tengah,P9962830,32,2,0,0,0,0,0,0,14,0,7,17,2,3,0,0,0,0,0,0,0,0,0,0,0,0,0,0,0,0,0,0,0,0,0,0,0,0,0,0,4,24,5,853,443,410,1,1,1,1,1,1,0,0,1,1,1,1,1,1,0,0,4,4,1,1,0,0,0,0,1,1,0,0,0,0,2,2,,,,,,,,,,,,,,,,,,
SPNF SKB UJUNG PANDANG,P2970079,16,6,1,1,1,1,1,0,2,0,2,19,0,3,0,0,0,0,0,0,0,0,0,0,0,0,0,0,0,0,0,0,0,0,0,0,0,0,0,0,55,21,3,391,261,130,13,13,1,1,1,1,0,0,1,1,1,1,1,1,0,0,5,5,1,1,0,0,0,0,1,1,0,0,0,0,3,3,,,,,,,,,,,,,,,,,,
UPTD Satuan PNF SKB Aimere,P9952511,8,0,3,2,3,1,3,3,3,4,4,11,4,3,0,0,0,0,0,0,0,0,0,0,0,0,0,0,0,0,0,0,0,0,0,0,0,0,0,0,7,15,7,164,90,74,13,13,1,1,1,1,0,0,1,1,1,1,0,0,0,0,5,5,0,0,0,0,0,0,0,0,0,0,0,0,4,4,,,,,,,,,,,,,,,,,,
SKB KABUPATEN PURWAKARTA,P9970501,10,0,0,3,1,0,2,0,3,0,3,9,4,1,0,0,0,0,0,0,0,0,0,0,0,0,0,0,0,0,0,0,0,0,0,0,0,0,0,0,10,12,5,201,129,72,9,9,1,1,0,0,0,0,1,1,1,1,1,1,0,0,5,5,1,1,0,0,0,0,1,1,1,1,0,0,7,7,,,,,,,,,,,,,,,,,,
SPNF SKB KABUPATEN TASIKMALAYA,P9970190,3,2,1,0,1,1,1,0,1,0,1,7,0,1,0,0,0,0,0,0,0,0,0,0,0,0,0,0,0,0,0,0,0,0,0,0,0,0,0,0,13,8,1,49,23,26,6,6,1,1,0,0,0,0,1,1,1,1,1,1,0,0,4,4,1,1,0,0,0,0,1,1,0,0,0,0,3,3,,,,,,,,,,,,,,,,,,
SKB KABUPATEN SUMBA TIMUR,P9970249,30,6,6,2,1,2,3,0,2,0,4,13,4,5,0,0,0,0,0,0,0,0,0,0,0,0,0,0,0,0,0,0,0,0,0,0,0,0,0,0,14,17,9,497,300,197,16,16,0,0,0,0,0,0,1,0,1,0,1,1,1,1,7,7,1,1,1,1,2,2,1,1,0,0,0,0,24,24,,,,,,,,,,,,,,,,,,
Sanggar Kegiatan Belajar (SKB) Kota Tangerang Selatan,P9985006,12,0,1,1,1,0,0,1,5,1,6,12,3,0,0,0,0,0,0,0,0,0,0,0,0,0,0,0,0,0,0,0,0,0,0,0,0,0,0,0,20,18,3,250,161,89,15,15,0,0,0,0,0,0,1,1,1,1,0,0,0,0,2,2,0,0,0,0,0,0,0,0,0,0,0,0,3,3,,,,,,,,,,,,,,,,,,
SKB Kabupaten Rote Ndao,P9970235,8,2,0,0,0,0,0,0,5,0,4,4,2,0,0,0,0,0,0,0,0,0,0,0,0,0,0,0,0,0,0,0,0,0,0,0,0,0,0,0,5,8,2,192,122,70,2,2,0,0,0,0,0,0,1,1,1,1,0,0,0,0,2,2,2,2,0,0,0,0,0,0,0,0,0,0,5,5,,,,,,,,,,,,,,,,,,
SKB Kota Sabang,P9970231,8,2,1,1,3,1,2,1,2,1,2,9,4,4,0,0,0,0,0,0,0,0,0,0,0,0,0,0,0,0,0,0,0,0,0,0,0,0,0,0,10,11,8,212,163,49,10,10,0,0,0,0,0,0,1,1,1,1,0,0,0,0,5,5,1,1,0,0,0,0,1,1,0,0,0,0,1,1,,,,,,,,,,,,,,,,,,
SKB KABUPATEN SAMBAS,P9969974,7,2,1,1,1,0,0,1,1,1,1,5,2,2,0,0,0,0,0,0,0,0,0,0,0,0,0,0,0,0,0,0,0,0,0,0,0,0,0,0,21,6,4,143,90,53,9,9,1,1,0,0,1,1,1,1,1,1,1,1,0,0,4,4,0,0,0,0,1,1,2,2,0,0,0,0,11,11,,,,,,,,,,,,,,,,,,
SKB Balikpapan Tengah,P9952473,28,3,6,7,0,0,4,2,4,6,6,13,4,4,0,0,0,0,0,0,0,0,0,0,0,0,0,0,0,0,0,0,0,0,0,0,0,0,0,0,12,19,8,840,495,345,8,8,1,1,1,1,0,0,1,1,1,1,0,0,0,0,4,4,0,0,0,0,0,0,1,1,0,0,0,0,1,1,,,,,,,,,,,,,,,,,,
SKB KABUPATEN GOWA ,P9970118,12,2,0,1,1,0,1,0,0,0,1,8,2,3,0,0,0,0,0,0,0,0,0,0,0,0,0,0,0,0,0,0,0,0,0,0,0,0,0,0,8,9,5,244,156,88,8,8,0,0,1,1,0,0,1,1,1,1,1,1,0,0,2,2,0,0,0,0,0,0,1,1,0,0,0,0,1,1,,,,,,,,,,,,,,,,,,
SKB Palopo,P9960040,10,5,1,1,1,0,1,0,0,0,3,4,0,1,0,0,0,0,0,0,0,0,0,0,0,0,0,0,0,0,0,0,0,0,0,0,0,0,0,0,6,7,1,143,81,62,7,12,0,0,0,0,0,0,1,1,0,0,0,0,0,0,1,3,0,0,0,0,0,0,0,0,0,0,0,0,3,3,,,,,,,,,,,,,,,,,,
SKB KOTA SUKABUMI,P2964206,10,0,1,1,1,1,1,2,4,2,5,10,5,4,0,0,0,0,0,0,0,0,0,0,0,0,0,0,0,0,0,0,0,0,0,0,0,0,0,0,73,15,9,256,118,138,12,12,1,1,2,2,0,0,1,1,1,1,0,0,0,0,7,7,1,1,0,0,1,1,1,1,0,0,0,0,1,1,,,,,,,,,,,,,,,,,,
SKB KOTA BANJARMASIN,P9962901,7,1,1,3,2,0,0,1,1,1,1,11,1,0,0,0,0,0,0,0,0,0,0,0,0,0,0,0,0,0,0,0,0,0,0,0,0,0,0,0,16,12,1,128,77,51,6,7,0,0,0,0,0,0,1,1,1,1,0,0,0,0,7,7,1,1,0,0,0,0,0,0,0,0,0,0,1,1,,,,,,,,,,,,,,,,,,
SATUAN PENDIDIKAN NON FORMAL SKB WILAYAH 1,P9952864,0,0,0,0,0,0,0,0,0,0,0,0,0,0,0,0,0,0,0,0,0,0,0,0,0,0,0,0,0,0,0,0,0,0,0,0,0,0,0,0,0,0,0,0,0,0,0,0,0,0,0,0,0,0,0,0,0,0,0,0,0,0,0,0,0,0,0,0,0,0,0,0,0,0,0,0,1,1,,,,,,,,,,,,,,,,,,
SKB ACEH TAMIANG,P9970225,15,1,0,0,0,0,0,0,2,0,2,7,1,0,0,0,0,0,0,0,0,0,0,0,0,0,0,0,0,0,0,0,0,0,0,0,0,0,0,0,11,9,1,412,352,60,13,13,0,0,0,0,0,0,1,1,1,1,1,1,0,0,2,2,0,0,0,0,0,0,0,0,0,0,0,0,1,1,,,,,,,,,,,,,,,,,,
SKB (SANGGAR KEGIATAN BELAJAR) KOTA BIMA,P9970266,9,1,0,0,0,0,0,0,3,0,8,8,2,8,0,0,0,0,0,0,0,0,0,0,0,0,0,0,0,0,0,0,0,0,0,0,0,0,0,0,15,16,10,158,105,53,17,17,1,1,0,0,0,0,1,1,1,1,0,0,0,0,4,4,0,0,0,0,0,0,0,0,0,0,0,0,1,1,,,,,,,,,,,,,,,,,,
UPT SPNF SKB KABUPATEN KAMPAR,P9959898,13,1,1,1,1,1,1,0,2,0,6,8,3,2,0,0,0,0,0,0,0,0,0,0,0,0,0,0,0,0,0,0,0,0,0,0,0,0,0,0,45,14,5,359,276,83,6,6,0,0,0,0,0,0,1,1,1,1,0,0,0,0,2,2,1,1,0,0,0,0,0,0,0,0,0,0,12,12,,,,,,,,,,,,,,,,,,
SKB KOTA SAWAHLUNTO,P9959992,9,2,1,1,1,0,0,0,1,0,10,16,2,2,0,0,0,0,0,0,0,0,0,0,0,0,0,0,0,0,0,0,0,0,0,0,0,0,0,0,65,26,4,233,167,66,9,9,0,0,0,0,0,0,1,1,1,1,1,1,0,0,5,5,1,1,0,0,0,0,1,1,0,0,0,0,15,15,,,,,,,,,,,,,,,,,,
SKB BANGGAI LAUT,P9968109,9,0,3,1,1,1,1,0,1,0,0,0,0,0,0,0,0,0,0,0,0,0,0,0,0,0,0,0,0,0,0,0,0,0,0,0,0,0,0,0,3,0,0,138,75,63,3,3,0,0,0,0,0,0,0,0,1,1,0,0,0,0,0,0,0,0,0,0,0,0,0,0,0,0,0,0,1,1,,,,,,,,,,,,,,,,,,
SKB KABUPATEN KEPULAUAN TALAUD,P9970545,0,0,0,0,0,0,0,0,0,0,0,1,0,0,0,0,0,0,0,0,0,0,0,0,0,0,0,0,0,0,0,0,0,0,0,0,0,0,0,0,0,1,0,0,0,0,2,0,0,0,0,0,0,0,0,0,1,0,0,0,0,0,1,0,0,0,0,0,0,0,0,0,0,0,0,0,1,1,,,,,,,,,,,,,,,,,,
SKB MINAHASA UTARA,P9959887,10,0,1,1,1,1,2,1,2,1,1,5,0,1,0,0,0,0,0,0,0,0,0,0,0,0,0,0,0,0,0,0,0,0,0,0,0,0,0,0,4,6,1,161,88,73,4,4,0,0,0,0,0,0,1,1,1,1,0,0,0,0,4,4,1,1,0,0,0,0,0,0,0,0,0,0,7,7,,,,,,,,,,,,,,,,,,
UPTD SPNF SKB LARANTUKA,P9960045,7,0,0,0,0,0,0,0,2,0,4,13,1,1,0,0,0,0,0,0,0,0,0,0,0,0,0,0,0,0,0,0,0,0,0,0,0,0,0,0,7,17,2,158,111,47,5,5,1,1,1,1,0,0,0,0,1,1,0,0,0,0,2,2,0,0,0,0,0,0,0,0,0,0,0,0,1,1,,,,,,,,,,,,,,,,,,
SPNF TARERAN,P9984822,2,0,0,1,0,0,0,0,0,0,1,1,1,0,0,0,0,0,0,0,0,0,0,0,0,0,0,0,0,0,0,0,0,0,0,0,0,0,0,0,3,2,1,32,16,16,3,3,0,0,0,0,0,0,0,0,0,0,0,0,0,0,0,0,0,0,0,0,0,0,0,0,0,0,0,0,1,1,,,,,,,,,,,,,,,,,,
SKB KALIBAGOR,P9959724,18,3,2,4,1,0,1,0,0,0,8,25,5,3,0,0,0,0,0,0,0,0,0,0,0,0,0,0,0,0,0,0,0,0,0,0,0,0,0,0,19,33,8,275,139,136,19,19,1,1,2,2,1,1,2,2,2,2,1,1,1,1,12,12,7,7,0,0,0,0,3,3,0,0,0,0,16,16,,,,,,,,,,,,,,,,,,
SKB KOTA BAUBAU,P9948234,0,0,0,0,0,0,0,0,0,0,0,0,0,0,0,0,0,0,0,0,0,0,0,0,0,0,0,0,0,0,0,0,0,0,0,0,0,0,0,0,0,0,0,0,0,0,7,0,1,0,1,0,0,0,1,0,1,0,0,0,0,0,4,0,1,0,0,0,0,0,1,0,0,0,0,0,6,6,,,,,,,,,,,,,,,,,,
SATUAN PENDIDIKAN SANGGAR KEGIATAN BELAJAR KAB.KARANGASEM,P2967017,6,0,1,3,1,1,2,2,4,4,5,7,8,5,0,0,0,0,0,0,0,0,0,0,0,0,0,0,0,0,0,0,0,0,0,0,0,0,0,0,32,12,13,100,50,50,5,5,1,1,0,0,0,0,1,1,1,1,1,1,0,0,18,18,0,0,0,0,0,0,3,3,0,0,0,0,15,15,,,,,,,,,,,,,,,,,,
SKB KOTA PALANGKA RAYA,P9970337,12,3,1,1,1,0,0,1,4,1,1,11,3,4,0,0,0,0,0,0,0,0,0,0,0,0,0,0,0,0,0,0,0,0,0,0,0,0,0,0,32,12,7,273,153,120,5,5,1,1,1,1,0,0,1,1,1,1,0,0,0,0,2,2,0,0,0,0,0,0,1,1,0,0,0,0,2,2,,,,,,,,,,,,,,,,,,
SKB PEMALANG,P9956946,8,0,2,2,2,1,2,2,2,3,6,16,5,1,0,0,0,0,0,0,0,0,0,0,0,0,0,0,0,0,0,0,0,0,0,0,0,0,0,0,9,22,6,198,103,95,8,8,1,1,1,1,0,0,1,1,1,1,1,1,0,0,3,3,0,0,0,0,0,0,1,1,0,0,0,0,24,24,,,,,,,,,,,,,,,,,,
SATUAN PENDIDIKAN NONFORMAL SANGGAR KEGIATAN BELAJAR (SKB) KOTA TUAL,P9984557,7,0,0,0,0,0,0,0,3,0,1,4,2,1,0,0,0,0,0,0,0,0,0,0,0,0,0,0,0,0,0,0,0,0,0,0,0,0,0,0,2,5,3,178,103,75,1,1,0,0,0,0,0,0,1,1,1,1,0,0,0,0,1,1,0,0,0,0,0,0,0,0,0,0,0,0,1,1,,,,,,,,,,,,,,,,,,
SKB KAB.DOGIYAI,P9970224,0,0,0,0,0,0,0,0,0,0,0,0,0,0,0,0,0,0,0,0,0,0,0,0,0,0,0,0,0,0,0,0,0,0,0,0,0,0,0,0,0,0,0,0,0,0,3,0,0,0,0,0,0,0,0,0,1,0,0,0,0,0,1,0,0,0,0,0,0,0,0,0,0,0,0,0,1,1,,,,,,,,,,,,,,,,,,
SPNF SKB KOTA KOTAMOBAGU,P9954347,8,0,3,4,2,2,6,2,4,4,4,4,1,0,0,0,0,0,0,0,0,0,0,0,0,0,0,0,0,0,0,0,0,0,0,0,0,0,0,0,39,8,1,147,82,65,5,5,0,0,0,0,0,0,1,1,1,1,0,0,0,0,3,3,0,0,0,0,0,0,0,0,0,0,0,0,12,12,,,,,,,,,,,,,,,,,,
SKB BALANGAN,P9948204,17,0,2,3,4,0,1,2,5,4,3,11,6,2,0,0,0,0,0,0,0,0,0,0,0,0,0,0,0,0,0,0,0,0,0,0,0,0,0,0,20,14,8,457,279,178,12,12,1,1,1,1,0,0,1,1,6,6,1,1,0,0,17,17,0,0,0,0,1,1,2,2,1,1,0,0,16,16,,,,,,,,,,,,,,,,,,
SKB KOTA PALEMBANG,P9959714,15,6,2,3,2,1,4,2,3,3,3,14,4,5,0,0,0,0,0,0,0,0,0,0,0,0,0,0,0,0,0,0,0,0,0,0,0,0,0,0,4,17,9,390,291,99,6,6,1,1,0,0,0,0,1,1,1,1,0,0,0,0,4,4,1,1,1,1,0,0,1,1,0,0,0,0,1,1,,,,,,,,,,,,,,,,,,
SPNF SKB Kabupaten Bangli,P9970238,2,0,1,1,1,0,1,0,1,0,1,1,9,5,0,0,0,0,0,0,0,0,0,0,0,0,0,0,0,0,0,0,0,0,0,0,0,0,0,0,6,2,14,38,19,19,3,3,0,0,2,2,1,1,1,1,1,1,1,1,0,0,2,2,0,0,0,0,0,0,0,0,0,0,0,0,14,14,,,,,,,,,,,,,,,,,,
SKB WONDAMA,P9954132,11,0,1,2,1,2,4,0,2,3,5,5,1,0,0,0,0,0,0,0,0,0,0,0,0,0,0,0,0,0,0,0,0,0,0,0,0,0,0,0,19,10,1,342,200,142,1,1,0,0,1,1,0,0,1,1,0,0,0,0,0,0,1,1,1,1,0,0,0,0,1,1,0,0,0,0,1,1,,,,,,,,,,,,,,,,,,
SKB POSIMPOTOVE,P9969988,13,1,1,1,1,1,2,1,4,0,3,2,0,1,0,0,0,0,0,0,0,0,0,0,0,0,0,0,0,0,0,0,0,0,0,0,0,0,0,0,13,5,1,228,160,68,1,1,1,1,0,0,0,0,1,1,1,1,2,2,0,0,4,4,0,0,0,0,0,0,1,1,0,0,0,0,5,5,,,,,,,,,,,,,,,,,,
SPNF TENGA,P9984754,5,2,0,0,0,0,1,0,0,0,0,2,2,0,0,0,0,0,0,0,0,0,0,0,0,0,0,0,0,0,0,0,0,0,0,0,0,0,0,0,4,2,2,101,59,42,4,4,0,0,0,0,0,0,1,1,1,1,0,0,0,0,2,2,0,0,0,0,0,0,0,0,0,0,0,0,1,1,,,,,,,,,,,,,,,,,,
SKB SPNF WILAYAH 2 KOTA PADANG,P9959890,13,2,1,1,1,1,2,1,3,5,3,12,2,4,0,0,0,0,0,0,0,0,0,0,0,0,0,0,0,0,0,0,0,0,0,0,0,0,0,0,61,15,6,203,147,56,7,7,0,0,1,1,0,0,1,1,3,3,1,1,0,0,5,5,1,1,0,0,0,0,1,1,0,0,0,0,20,20,,,,,,,,,,,,,,,,,,
SKB WAKATOBI,P9954252,10,0,3,2,1,2,3,4,3,2,3,10,1,5,0,0,0,0,0,0,0,0,0,0,0,0,0,0,0,0,0,0,0,0,0,0,0,0,0,0,11,13,6,289,198,91,7,7,0,0,0,0,0,0,1,1,1,1,0,0,0,0,4,4,1,1,0,0,0,0,0,0,0,0,0,0,7,7,,,,,,,,,,,,,,,,,,
SKB Asahan,P9959919,7,0,1,1,1,1,2,1,3,1,4,2,0,2,0,0,0,0,0,0,0,0,0,0,0,0,0,0,0,0,0,0,0,0,0,0,0,0,0,0,6,6,2,84,59,25,9,12,1,1,1,1,0,0,1,1,1,1,1,1,1,1,3,3,1,1,0,0,0,0,0,0,0,0,0,0,1,1,,,,,,,,,,,,,,,,,,
SKB MODAYAG,P9962959,0,0,0,0,0,0,0,0,0,0,0,1,0,0,0,0,0,0,0,0,0,0,0,0,0,0,0,0,0,0,0,0,0,0,0,0,0,0,0,0,0,1,0,0,0,0,6,0,0,0,0,0,0,0,1,0,1,0,0,0,0,0,2,0,0,0,0,0,0,0,1,0,0,0,0,0,1,1,,,,,,,,,,,,,,,,,,
SATUAN PENDIDIKAN NONFORMAL SANGGAR KEGIATAN BELAJAR TENGKU SOELOENG TJANTIK,P9996166,0,0,0,0,0,0,0,0,0,0,0,0,0,0,0,0,0,0,0,0,0,0,0,0,0,0,0,0,0,0,0,0,0,0,0,0,0,0,0,0,0,0,0,0,0,0,0,0,0,0,0,0,0,0,0,0,0,0,0,0,0,0,0,0,0,0,0,0,0,0,0,0,0,0,0,0,2,2,,,,,,,,,,,,,,,,,,
Satuan Pendidikan Nonformal SKB,P9947947,9,0,1,1,0,0,1,0,5,1,2,8,0,2,0,0,0,0,0,0,0,0,0,0,0,0,0,0,0,0,0,0,0,0,0,0,0,0,0,0,8,10,2,159,93,66,8,8,1,1,0,0,0,0,1,1,1,1,0,0,0,0,4,4,0,0,0,0,0,0,0,0,0,0,0,0,1,1,,,,,,,,,,,,,,,,,,
SKB Minahasa Tenggara,P9970667,6,0,2,2,2,1,2,0,1,1,5,4,1,0,0,0,0,0,0,0,0,0,0,0,0,0,0,0,0,0,0,0,0,0,0,0,0,0,0,0,14,9,1,48,36,12,1,1,0,0,0,0,0,0,1,1,1,1,0,0,0,0,1,1,0,0,0,0,0,0,0,0,0,0,0,0,2,2,,,,,,,,,,,,,,,,,,
SKB Kota Mataram,P9962879,32,0,1,0,0,0,0,0,0,0,4,9,3,3,0,0,0,0,0,0,0,0,0,0,0,0,0,0,0,0,0,0,0,0,0,0,0,0,0,0,21,13,6,554,293,261,12,12,0,0,0,0,0,0,0,0,1,1,0,0,0,0,7,7,2,2,0,0,0,0,0,0,0,0,0,0,6,6,,,,,,,,,,,,,,,,,,
SKB BARITO UTARA,P9960028,10,17,2,2,2,1,2,3,4,3,5,33,2,6,0,0,0,0,0,0,0,0,0,0,0,0,0,0,0,0,0,0,0,0,0,0,0,0,0,0,21,38,8,284,166,118,7,7,1,1,0,0,0,0,2,2,2,2,1,1,1,1,3,3,0,0,0,0,0,0,0,0,0,0,0,0,12,12,,,,,,,,,,,,,,,,,,
SPNF SKB BANGKA SELATAN,P2965536,15,4,2,3,2,1,3,0,2,1,0,12,2,5,0,0,0,0,0,0,0,0,0,0,0,0,0,0,0,0,0,0,0,0,0,0,0,0,0,0,21,12,7,211,136,75,12,11,1,1,0,0,0,1,2,2,1,1,0,0,0,0,4,4,1,1,0,0,0,0,0,0,0,0,0,0,13,13,,,,,,,,,,,,,,,,,,
SKB BENUA,P9957004,6,0,4,5,4,2,2,3,3,3,2,4,1,1,0,0,0,0,0,0,0,0,0,0,0,0,0,0,0,0,0,0,0,0,0,0,0,0,0,0,8,6,2,88,50,38,7,7,0,0,0,0,0,0,0,0,0,0,0,0,0,0,3,3,1,1,0,0,0,0,0,0,0,0,0,0,1,1,,,,,,,,,,,,,,,,,,
SPNF SKB KOTA PEKANBARU,P9954382,11,1,2,2,2,1,3,0,5,3,3,19,2,7,0,0,0,0,0,0,0,0,0,0,0,0,0,0,0,0,0,0,0,0,0,0,0,0,0,0,5,22,9,208,126,82,4,4,1,1,1,1,0,0,1,1,1,1,0,0,0,0,5,5,0,0,0,0,0,0,0,0,0,0,0,0,2,2,,,,,,,,,,,,,,,,,,
SKB SABU RAIJUA,P9954191,45,4,3,3,1,1,2,1,3,2,6,9,1,2,0,0,0,0,0,0,0,0,0,0,0,0,0,0,0,0,0,0,0,0,0,0,0,0,0,0,54,15,3,577,320,257,7,7,0,0,0,0,0,0,1,1,1,1,0,0,0,0,3,4,0,0,0,0,0,0,0,0,0,0,0,0,3,3,,,,,,,,,,,,,,,,,,
SKB WAWONII,P9962961,7,0,1,1,2,1,0,0,2,0,3,5,3,0,0,0,0,0,0,0,0,0,0,0,0,0,0,0,0,0,0,0,0,0,0,0,0,0,0,0,18,8,3,102,40,62,5,5,0,0,0,0,0,0,0,0,0,0,0,0,0,0,4,4,1,1,0,0,0,0,0,0,0,0,0,0,3,3,,,,,,,,,,,,,,,,,,
SPNF SKB  SIJUNJUNG,P9959845,14,3,3,2,1,0,1,1,2,1,3,12,3,2,0,0,0,0,0,0,0,0,0,0,0,0,0,0,0,0,0,0,0,0,0,0,0,0,0,0,12,15,5,206,121,85,8,8,1,1,1,1,1,1,1,1,3,3,1,1,0,0,19,19,4,4,0,0,0,0,1,1,0,0,0,0,15,15,,,,,,,,,,,,,,,,,,
SKB Borong,P9952491,11,2,3,3,2,1,3,1,3,0,8,12,1,3,0,0,0,0,0,0,0,0,0,0,0,0,0,0,0,0,0,0,0,0,0,0,0,0,0,0,11,20,4,258,176,82,13,14,0,0,0,0,0,0,0,0,1,1,0,0,0,0,5,5,0,0,0,0,0,0,0,0,0,0,0,0,6,6,,,,,,,,,,,,,,,,,,
SKB ATINGGOLA,P9959851,8,1,2,3,2,2,4,0,3,0,3,5,0,6,0,0,0,0,0,0,0,0,0,0,0,0,0,0,0,0,0,0,0,0,0,0,0,0,0,0,13,8,6,152,82,70,9,9,0,0,0,0,0,0,0,0,0,0,0,0,0,0,0,0,0,0,0,0,0,0,0,0,0,0,0,0,1,1,,,,,,,,,,,,,,,,,,
SANGGAR KEGIATAN BELAJAR KABUPATEN TANA TIDUNG (SPNF SKB KABUPATEN TANA TIDUNG),P9997290,14,3,2,2,1,1,3,0,3,0,1,10,3,2,0,0,0,0,0,0,0,0,0,0,0,0,0,0,0,0,0,0,0,0,0,0,0,0,0,0,34,11,5,288,155,133,11,11,0,0,0,0,0,0,0,0,1,1,0,0,0,0,0,2,0,0,0,0,0,0,0,0,0,0,0,0,1,1,,,,,,,,,,,,,,,,,,
SKB KABUPATEN ACEH TENGAH,P9963004,7,1,1,1,1,1,3,2,2,5,4,10,6,3,0,0,0,0,0,0,0,0,0,0,0,0,0,0,0,0,0,0,0,0,0,0,0,0,0,0,20,14,9,84,66,18,7,7,0,0,0,0,0,0,1,1,1,1,1,1,0,0,2,2,0,0,0,0,0,0,1,1,0,0,0,0,3,3,,,,,,,,,,,,,,,,,,
SKB KABUPATEN LINGGA,P9997380,3,0,2,4,1,1,3,1,1,1,0,3,0,1,0,0,0,0,0,0,0,0,0,0,0,0,0,0,0,0,0,0,0,0,0,0,0,0,0,0,2,3,1,36,24,12,2,2,0,0,0,0,0,0,0,0,1,1,0,0,0,0,0,0,0,0,0,0,0,0,0,0,0,0,0,0,1,1,,,,,,,,,,,,,,,,,,
SKB Kab. Barito Kuala,P9956886,14,1,5,5,3,1,2,5,4,5,9,15,4,1,0,0,0,0,0,0,0,0,0,0,0,0,0,0,0,0,0,0,0,0,0,0,0,0,0,0,21,24,5,342,184,158,11,14,1,1,1,1,0,0,1,1,1,1,1,1,0,0,5,5,1,1,0,0,0,0,1,1,0,0,0,0,1,1,,,,,,,,,,,,,,,,,,
SKB KOTA MALANG,P9952737,15,2,2,4,1,0,2,2,4,2,0,5,2,1,0,0,0,0,0,0,0,0,0,0,0,0,0,0,0,0,0,0,0,0,0,0,0,0,0,0,47,5,3,422,290,132,12,12,0,0,0,0,0,0,1,1,1,1,1,1,0,0,2,2,0,0,0,0,1,1,1,1,0,0,0,0,14,14,,,,,,,,,,,,,,,,,,
SPNF SKB MAMASA,P9952702,26,0,4,4,1,1,4,0,3,2,11,21,3,6,0,0,0,0,0,0,0,0,0,0,0,0,0,0,0,0,0,0,0,0,0,0,0,0,0,0,18,32,9,650,377,273,4,4,0,0,1,1,0,0,1,1,1,1,0,0,0,0,1,1,0,0,0,0,0,0,1,1,0,0,0,0,1,1,,,,,,,,,,,,,,,,,,
SKB MAJENE,P9962984,10,0,2,4,1,1,3,1,2,2,2,8,4,15,0,0,0,0,0,0,0,0,0,0,0,0,0,0,0,0,0,0,0,0,0,0,0,0,0,0,13,10,19,258,173,85,10,10,0,0,0,0,0,0,0,0,0,0,0,0,0,0,1,1,0,0,0,0,0,0,0,0,0,0,0,0,2,2,,,,,,,,,,,,,,,,,,
SKB KOTA BANDAR LAMPUNG,P9963099,9,1,2,2,2,1,4,1,3,2,2,11,0,1,0,0,0,0,0,0,0,0,0,0,0,0,0,0,0,0,0,0,0,0,0,0,0,0,0,0,4,13,1,140,98,42,9,9,1,1,0,0,0,0,1,1,1,1,1,1,0,0,4,4,1,1,0,0,0,0,1,1,0,0,0,0,1,1,,,,,,,,,,,,,,,,,,
SKB KWANDANG,P9959850,5,0,1,2,1,1,1,1,1,1,4,8,1,2,0,0,0,0,0,0,0,0,0,0,0,0,0,0,0,0,0,0,0,0,0,0,0,0,0,0,2,12,3,93,41,52,2,2,1,1,0,0,0,0,1,1,1,1,1,1,0,0,2,2,1,1,0,0,0,0,0,0,0,0,0,0,1,1,,,,,,,,,,,,,,,,,,
SPNF SANGGAR KEGIATAN BELAJAR KABUPATEN KEEROM,P9970283,0,0,0,0,0,0,0,0,0,0,0,0,0,0,0,0,0,0,0,0,0,0,0,0,0,0,0,0,0,0,0,0,0,0,0,0,0,0,0,0,0,0,0,0,0,0,3,0,0,0,0,0,0,0,0,0,0,0,0,0,0,0,1,0,0,0,0,0,0,0,0,0,0,0,0,0,1,1,,,,,,,,,,,,,,,,,,
SKB KULON PROGO,P9948108,21,9,2,2,1,1,1,0,6,0,9,30,5,2,0,0,0,0,0,0,0,0,0,0,0,0,0,0,0,0,0,0,0,0,0,0,0,0,0,0,15,39,7,250,157,93,19,19,0,0,2,2,0,0,2,2,1,1,0,0,0,0,4,4,1,1,0,0,0,0,1,1,0,0,0,0,6,6,,,,,,,,,,,,,,,,,,
SKB TENGGARONG,P9952678,18,2,0,1,0,0,0,0,3,0,1,12,4,3,0,0,0,0,0,0,0,0,0,0,0,0,0,0,0,0,0,0,0,0,0,0,0,0,0,0,5,13,7,313,172,141,1,1,0,0,0,0,0,0,1,1,1,1,0,0,0,0,1,1,0,0,0,0,0,0,0,0,0,0,0,0,3,3,,,,,,,,,,,,,,,,,,
SKB KOTABARU,P9954362,9,2,2,2,3,3,2,2,3,1,4,9,3,2,0,0,0,0,0,0,0,0,0,0,0,0,0,0,0,0,0,0,0,0,0,0,0,0,0,0,22,13,5,214,134,80,11,11,0,0,1,1,0,0,0,0,1,1,0,0,0,0,4,4,0,0,0,0,0,0,0,0,0,0,0,0,8,8,,,,,,,,,,,,,,,,,,
SKB KABUPATEN LAHAT,P9963051,18,0,0,1,1,1,2,1,2,0,1,9,0,2,0,0,0,0,0,0,0,0,0,0,0,0,0,0,0,0,0,0,0,0,0,0,0,0,0,0,3,10,2,358,297,61,5,5,1,1,0,0,0,0,2,2,1,1,1,1,0,0,6,6,0,0,0,0,0,0,1,1,0,0,0,0,8,8,,,,,,,,,,,,,,,,,,
UPTD SPNF SKB BIREUEN,P9960024,17,3,3,6,2,5,3,2,3,2,2,11,1,1,0,0,0,0,0,0,0,0,0,0,0,0,0,0,0,0,0,0,0,0,0,0,0,0,0,0,19,13,2,471,359,112,2,10,1,1,1,1,0,0,1,1,1,1,1,1,0,0,3,3,1,1,0,0,0,0,1,1,0,0,0,0,1,1,,,,,,,,,,,,,,,,,,
SKB MOJOAGUNG,P9948474,18,7,1,1,1,1,3,2,5,3,1,11,2,0,0,0,0,0,0,0,0,0,0,0,0,0,0,0,0,0,0,0,0,0,0,0,0,0,0,0,24,12,2,354,205,149,14,14,0,0,0,0,0,0,1,1,2,2,0,1,0,0,7,7,3,3,0,11,0,0,0,0,0,0,0,0,18,19,,,,,,,,,,,,,,,,,,
SPN SKB KOTA KENDARI,P9957060,5,1,1,1,1,1,1,2,4,2,1,7,1,2,0,0,0,0,0,0,0,0,0,0,0,0,0,0,0,0,0,0,0,0,0,0,0,0,0,0,6,8,3,45,28,17,8,8,0,0,0,0,0,0,1,1,1,1,0,0,0,0,6,6,0,0,0,0,0,0,1,1,0,0,0,0,5,5,,,,,,,,,,,,,,,,,,
SKB BATUDAA,P9948431,10,0,2,1,1,1,3,0,3,0,4,7,1,0,0,0,0,0,0,0,0,0,0,0,0,0,0,0,0,0,0,0,0,0,0,0,0,0,0,0,12,11,1,196,100,96,6,6,1,1,0,0,0,0,1,1,1,1,1,1,0,0,4,4,0,0,0,0,0,0,1,1,0,0,0,0,6,6,,,,,,,,,,,,,,,,,,
SKB TOMBARIRI,P9952767,6,1,1,1,2,0,1,0,1,0,4,4,2,1,0,0,0,0,0,0,0,0,0,0,0,0,0,0,0,0,0,0,0,0,0,0,0,0,0,0,12,8,3,39,29,10,16,16,0,0,0,0,0,0,1,1,1,1,0,0,0,0,6,6,3,3,0,0,0,0,0,0,0,0,0,0,6,6,,,,,,,,,,,,,,,,,,
SKB TOMBULU,P9952766,5,0,2,1,1,1,1,1,1,0,2,4,1,0,0,0,0,0,0,0,0,0,0,0,0,0,0,0,0,0,0,0,0,0,0,0,0,0,0,0,6,6,1,97,68,29,3,3,1,1,1,1,0,0,0,0,2,2,0,0,0,0,2,2,1,1,0,0,0,0,0,0,0,0,0,0,1,1,,,,,,,,,,,,,,,,,,
SKB SINJAI,P9970185,15,1,1,0,0,0,0,0,3,0,7,10,3,0,0,0,0,0,0,0,0,0,0,0,0,0,0,0,0,0,0,0,0,0,0,0,0,0,0,0,15,17,3,308,181,127,6,6,0,0,0,0,0,0,1,1,0,0,0,0,0,0,3,3,0,0,0,0,0,0,0,0,0,0,0,0,6,6,,,,,,,,,,,,,,,,,,
SKB KOTA PARIAMAN,P9963035,10,1,1,2,1,1,2,3,4,4,0,15,1,1,0,0,0,0,0,0,0,0,0,0,0,0,0,0,0,0,0,0,0,0,0,0,0,0,0,0,37,15,2,358,252,106,10,10,1,1,0,0,0,0,1,1,1,1,1,1,0,0,2,2,1,1,0,0,0,0,1,1,0,0,0,0,4,4,,,,,,,,,,,,,,,,,,
SKB Negeri Mempawah,P9962902,15,0,2,3,0,0,3,0,6,0,7,5,2,1,0,0,0,0,0,0,0,0,0,0,0,0,0,0,0,0,0,0,0,0,0,0,0,0,0,0,7,12,3,440,317,123,8,8,1,1,1,1,0,0,1,1,1,1,0,0,0,0,4,4,1,1,0,0,0,0,1,1,0,0,0,0,1,1,,,,,,,,,,,,,,,,,,
SKB KOTA BOGOR,P9970685,12,1,0,0,0,0,2,0,1,0,6,7,2,4,0,0,0,0,0,0,0,0,0,0,0,0,0,0,0,0,0,0,0,0,0,0,0,0,0,0,16,13,6,174,119,55,17,17,1,1,0,0,0,0,1,1,2,2,1,1,0,0,8,8,1,1,0,0,0,0,1,1,0,0,0,0,7,7,,,,,,,,,,,,,,,,,,
UPTD SKB MAGETAN,P9959866,13,2,0,0,0,0,0,0,4,0,4,13,2,0,0,0,0,0,0,0,0,0,0,0,0,0,0,0,0,0,0,0,0,0,0,0,0,0,0,0,19,17,2,272,174,98,7,7,1,1,0,0,0,0,1,1,1,1,1,1,0,0,8,8,1,1,0,0,0,0,1,1,0,0,0,0,10,10,,,,,,,,,,,,,,,,,,
SKB KAB. BOGOR,P9963149,17,4,2,3,1,1,4,3,3,0,4,8,0,2,0,0,0,0,0,0,0,0,0,0,0,0,0,0,0,0,0,0,0,0,0,0,0,0,0,0,62,12,2,420,231,189,8,8,0,0,0,0,0,0,1,1,1,1,1,1,0,0,8,8,0,0,0,0,0,0,1,1,0,0,0,0,1,1,,,,,,,,,,,,,,,,,,
SPNF SKB LAMPUNG BARAT,P9956897,11,0,0,0,0,0,0,0,4,0,1,1,1,2,0,0,0,0,0,0,0,0,0,0,0,0,0,0,0,0,0,0,0,0,0,0,0,0,0,0,11,2,3,189,118,71,12,12,1,1,0,0,0,0,2,2,1,1,0,0,0,0,5,5,0,0,0,0,0,0,0,0,0,0,0,0,10,10,,,,,,,,,,,,,,,,,,
SKB KABUPATEN BENGKAYANG,P9970576,4,0,0,0,0,0,0,0,1,0,1,1,0,0,0,0,0,0,0,0,0,0,0,0,0,0,0,0,0,0,0,0,0,0,0,0,0,0,0,0,3,2,0,33,26,7,2,1,0,0,0,0,0,0,0,0,0,0,0,0,0,0,0,1,0,0,0,0,0,0,0,0,0,0,0,0,1,2,,,,,,,,,,,,,,,,,,
SKB Negeri Poso,P9952738,11,0,3,4,1,1,3,2,3,3,4,6,0,0,0,0,0,0,0,0,0,0,0,0,0,0,0,0,0,0,0,0,0,0,0,0,0,0,0,0,10,10,0,220,130,90,18,18,0,0,0,0,0,0,2,2,1,1,1,1,0,0,6,6,3,3,1,1,0,0,0,0,0,0,0,0,1,1,,,,,,,,,,,,,,,,,,
SKB Balikpapan Barat,P9952496,19,4,3,3,1,0,4,6,6,5,2,15,4,4,0,0,0,0,0,0,0,0,0,0,0,0,0,0,0,0,0,0,0,0,0,0,0,0,0,0,19,17,8,505,257,248,12,12,0,0,0,0,0,0,1,1,1,1,0,0,0,0,8,8,1,1,0,0,0,0,1,1,0,0,0,0,10,10,,,,,,,,,,,,,,,,,,
SKB PULUBALA,P9997431,10,0,2,3,2,1,3,0,2,0,1,12,1,1,0,0,0,0,0,0,0,0,0,0,0,0,0,0,0,0,0,0,0,0,0,0,0,0,0,0,4,13,2,182,100,82,6,6,1,1,0,0,0,0,1,1,1,1,0,0,0,0,6,6,2,2,0,0,0,0,0,0,0,0,0,0,8,8,,,,,,,,,,,,,,,,,,
SKB KABUPATEN SUPIORI,P9984878,6,0,1,2,2,0,0,1,7,1,6,1,0,1,0,0,0,0,0,0,0,0,0,0,0,0,0,0,0,0,0,0,0,0,0,0,0,0,0,0,13,7,1,152,92,60,6,6,0,0,0,0,0,0,1,1,1,1,0,0,0,0,2,2,0,0,0,0,0,0,0,0,0,0,0,0,1,1,,,,,,,,,,,,,,,,,,
SPNF SKB Merauke,P9952804,6,0,0,0,0,0,1,0,2,0,5,7,2,2,0,0,0,0,0,0,0,0,0,0,0,0,0,0,0,0,0,0,0,0,0,0,0,0,0,0,7,12,4,116,73,43,9,9,0,0,0,0,0,0,1,1,1,1,0,0,1,1,8,8,0,0,1,1,0,0,1,1,0,0,0,0,36,36,,,,,,,,,,,,,,,,,,
SKB BILUHU,P9997430,8,0,1,2,2,3,2,1,2,4,2,8,3,3,0,0,0,0,0,0,0,0,0,0,0,0,0,0,0,0,0,0,0,0,0,0,0,0,0,0,6,10,6,229,118,111,6,6,0,0,0,0,0,0,1,1,1,1,0,0,0,0,1,1,0,0,0,0,0,0,0,0,0,0,0,0,4,4,,,,,,,,,,,,,,,,,,
SKB HALMAHERA UTARA,P9963073,1,0,1,1,1,1,1,0,1,0,2,2,1,0,0,0,0,0,0,0,0,0,0,0,0,0,0,0,0,0,0,0,0,0,0,0,0,0,0,0,2,4,1,25,17,8,6,6,0,0,0,0,0,0,0,0,0,0,0,0,0,0,2,2,0,0,0,0,0,0,0,0,0,0,0,0,1,1,,,,,,,,,,,,,,,,,,
SKB HULU SUNGAI SELATAN,P9962718,11,0,2,3,1,0,0,0,0,0,1,3,4,2,0,0,0,0,0,0,0,0,0,0,0,0,0,0,0,0,0,0,0,0,0,0,0,0,0,0,12,4,6,295,174,121,7,4,1,1,0,0,0,0,1,1,1,1,0,0,0,0,7,7,1,1,0,0,0,0,1,1,0,0,0,0,4,4,,,,,,,,,,,,,,,,,,
SKB Kabupaten Agam,P9962926,8,0,2,1,1,1,2,1,2,1,1,5,1,1,0,0,0,0,0,0,0,0,0,0,0,0,0,0,0,0,0,0,0,0,0,0,0,0,0,0,14,6,2,174,136,38,3,3,0,0,0,0,0,0,1,1,1,1,0,0,0,0,2,2,0,0,0,0,0,0,1,1,0,0,0,0,1,1,,,,,,,,,,,,,,,,,,
SKB MUTIARA PELANGI KASIH,P9984361,11,0,0,0,1,0,0,0,0,0,2,4,1,0,0,0,0,0,0,0,0,0,0,0,0,0,0,0,0,0,0,0,0,0,0,0,0,0,0,0,4,6,1,340,245,95,3,3,0,0,0,0,0,0,0,0,0,0,0,0,0,0,0,0,0,0,0,0,0,0,0,0,0,0,0,0,10,10,,,,,,,,,,,,,,,,,,
SKB BARRU,P9970089,104,2,1,6,2,0,0,0,9,0,22,95,0,4,0,0,0,0,0,0,0,0,0,0,0,0,0,0,0,0,0,0,0,0,0,0,0,0,0,0,14,117,4,1766,1112,654,10,10,1,1,0,0,0,0,1,1,1,1,1,1,0,0,10,10,2,2,0,0,0,0,1,1,0,0,0,0,4,4,,,,,,,,,,,,,,,,,,
SKB KOTA BANGUN,P9952677,32,4,0,0,0,0,0,0,3,0,8,14,7,1,0,0,0,0,0,0,0,0,0,0,0,0,0,0,0,0,0,0,0,0,0,0,0,0,0,0,20,22,8,903,413,490,10,10,0,0,0,0,0,0,1,1,1,1,1,1,0,0,3,3,1,1,0,0,0,0,1,1,0,0,0,0,10,10,,,,,,,,,,,,,,,,,,
SKB LAMPUNG TENGAH,P9956789,12,1,1,1,1,0,0,1,6,1,3,9,3,1,0,0,0,0,0,0,0,0,0,0,0,0,0,0,0,0,0,0,0,0,0,0,0,0,0,0,34,12,4,261,183,78,13,14,0,0,0,0,0,0,1,1,1,1,0,0,0,0,6,6,1,1,0,0,0,0,0,0,0,0,0,0,1,1,,,,,,,,,,,,,,,,,,
UPT SKB BELITUNG,P9956944,13,3,2,1,0,0,0,0,3,0,3,18,2,5,0,0,0,0,0,0,0,0,0,0,0,0,0,0,0,0,0,0,0,0,0,0,0,0,0,0,59,21,7,256,148,108,9,9,1,1,0,0,0,0,1,1,2,2,1,1,0,0,19,19,2,2,0,0,0,0,2,2,0,0,0,0,25,25,,,,,,,,,,,,,,,,,,
SPNF SANGGAR KEGIATAN BELAJAR,P9984657,0,0,0,0,0,0,0,0,0,0,0,0,0,0,0,0,0,0,0,0,0,0,0,0,0,0,0,0,0,0,0,0,0,0,0,0,0,0,0,0,0,0,0,0,0,0,3,0,0,0,0,0,0,0,1,0,3,0,1,0,0,0,3,0,0,0,0,0,0,0,1,0,0,0,0,0,15,15,,,,,,,,,,,,,,,,,,
SPNF SKB KOTA LHOKSEUMAWE,P9947923,7,0,1,2,3,1,1,0,2,1,4,11,9,8,0,0,0,0,0,0,0,0,0,0,0,0,0,0,0,0,0,0,0,0,0,0,0,0,0,0,17,15,17,86,75,11,8,8,0,0,1,1,0,0,0,0,0,0,0,0,0,0,2,2,0,0,0,0,0,0,0,0,0,0,0,0,5,5,,,,,,,,,,,,,,,,,,
SATUAN PENDIDIKAN NON FORMAL SANGGAR KEGIATAN BELAJAR (SKB) BARITO SELATAN,P9970370,13,0,1,2,1,1,1,1,1,0,1,3,1,0,0,0,0,0,0,0,0,0,0,0,0,0,0,0,0,0,0,0,0,0,0,0,0,0,0,0,4,4,1,283,168,115,2,2,0,0,0,0,0,0,1,1,1,1,1,1,0,0,5,5,0,0,0,0,0,0,0,0,0,0,0,0,3,3,,,,,,,,,,,,,,,,,,
SPNF SKB KOLAKA UTARA,P9959912,21,0,1,3,1,0,0,0,0,0,2,11,0,4,0,0,0,0,0,0,0,0,0,0,0,0,0,0,0,0,0,0,0,0,0,0,0,0,0,0,5,13,4,572,341,231,5,5,0,0,0,0,0,0,1,1,0,0,0,0,0,0,5,5,0,0,0,0,0,0,0,0,0,0,0,0,5,5,,,,,,,,,,,,,,,,,,
SPNF-SKB WILAYAH I,P9970517,9,0,3,2,1,0,2,0,4,2,2,9,3,2,0,0,0,0,0,0,0,0,0,0,0,0,0,0,0,0,0,0,0,0,0,0,0,0,0,0,16,11,5,166,105,61,4,4,1,1,0,0,0,0,1,1,1,1,0,0,0,0,1,1,0,0,0,0,0,0,1,1,0,0,0,0,1,1,,,,,,,,,,,,,,,,,,
SKB KABUPATEN INDRAMAYU,P9970139,8,0,1,1,1,1,2,1,2,2,3,5,1,1,0,0,0,0,0,0,0,0,0,0,0,0,0,0,0,0,0,0,0,0,0,0,0,0,0,0,10,8,2,77,50,27,3,3,0,0,0,0,0,0,1,1,1,1,1,1,0,0,2,2,0,0,0,0,0,0,0,0,0,0,0,0,1,1,,,,,,,,,,,,,,,,,,
SKB SUMEDANG,P9962780,10,3,1,2,1,1,1,2,2,2,2,12,0,1,0,0,0,0,0,0,0,0,0,0,0,0,0,0,0,0,0,0,0,0,0,0,0,0,0,0,22,14,1,294,172,122,12,12,1,1,1,1,0,0,0,0,1,1,1,1,0,0,2,2,1,1,0,0,0,0,1,1,0,0,0,0,1,1,,,,,,,,,,,,,,,,,,
Satuan Pendidikan NonFormal Sanggar Kegiatan Belajar (SKB) Kabupaten Solok Selat,P9957053,6,0,1,1,2,1,1,1,1,1,3,1,2,2,0,0,0,0,0,0,0,0,0,0,0,0,0,0,0,0,0,0,0,0,0,0,0,0,0,0,6,4,4,149,118,31,3,3,0,0,0,0,0,0,1,1,1,1,0,0,0,0,4,4,0,0,0,0,0,0,0,0,0,0,0,0,1,1,,,,,,,,,,,,,,,,,,
SPNF SKB KABUPATEN TABANAN,P9963155,10,2,1,1,2,1,2,2,3,1,5,5,2,0,0,0,0,0,0,0,0,0,0,0,0,0,0,0,0,0,0,0,0,0,0,0,0,0,0,0,16,10,2,234,123,111,9,9,0,0,0,0,0,0,1,1,1,1,1,1,0,0,4,4,0,0,0,0,0,0,0,0,0,0,0,0,1,2,,,,,,,,,,,,,,,,,,
SKB NEGERI SURABAYA,P9984908,3,0,1,1,1,1,1,2,2,0,3,7,0,0,0,0,0,0,0,0,0,0,0,0,0,0,0,0,0,0,0,0,0,0,0,0,0,0,0,0,30,10,0,64,46,18,6,6,0,0,1,1,0,0,1,1,1,1,0,0,0,0,3,3,1,1,0,0,0,0,0,0,0,0,0,0,1,1,,,,,,,,,,,,,,,,,,
SKB KOTA AMBON,P9948387,7,0,1,1,2,2,3,0,2,1,7,10,0,0,0,0,0,0,0,0,0,0,0,0,0,0,0,0,0,0,0,0,0,0,0,0,0,0,0,0,3,17,0,285,204,81,5,5,1,1,1,1,0,0,1,1,1,1,0,0,0,0,3,3,1,1,0,0,0,0,1,1,0,0,0,0,1,1,,,,,,,,,,,,,,,,,,
SKB Balikpapan Selatan,P9952472,36,6,9,8,5,1,4,4,10,6,4,20,1,4,0,0,0,0,0,0,0,0,0,0,0,0,0,0,0,0,0,0,0,0,0,0,0,0,0,0,67,24,5,930,555,375,26,26,1,1,2,2,0,0,1,1,1,1,0,0,1,1,4,4,1,1,0,0,0,0,1,1,0,0,0,0,1,1,,,,,,,,,,,,,,,,,,
SPNF SKB ARGA MAKMUR,P9959751,10,3,1,2,3,3,3,0,4,2,7,13,2,0,0,0,0,0,0,0,0,0,0,0,0,0,0,0,0,0,0,0,0,0,0,0,0,0,0,0,14,20,2,187,127,60,11,11,0,0,0,0,0,0,1,1,3,3,0,0,0,0,6,6,1,1,0,0,0,0,1,1,0,0,0,0,12,12,,,,,,,,,,,,,,,,,,
SKB KABUPATEN LANGKAT,P9970689,13,1,1,0,1,0,2,2,0,0,3,12,1,2,0,0,0,0,0,0,0,0,0,0,0,0,0,0,0,0,0,0,0,0,0,0,0,0,0,0,20,15,3,246,160,86,10,10,0,0,2,2,0,0,1,1,2,2,0,0,0,0,1,1,2,2,0,0,0,0,1,1,0,0,0,0,1,1,,,,,,,,,,,,,,,,,,
SPNF SKB KEPAHIANG,P2963002,6,1,0,0,2,0,2,0,2,0,1,6,2,2,0,0,0,0,0,0,0,0,0,0,0,0,0,0,0,0,0,0,0,0,0,0,0,0,0,0,30,7,4,83,57,26,6,6,0,0,1,1,0,0,3,3,1,1,1,1,0,0,5,5,2,2,0,0,0,0,1,1,0,0,0,0,12,12,,,,,,,,,,,,,,,,,,
SPNF SKB Kota Denpasar,P9948229,15,0,0,0,0,0,0,0,5,0,6,10,4,5,0,0,0,0,0,0,0,0,0,0,0,0,0,0,0,0,0,0,0,0,0,0,0,0,0,0,11,16,9,308,161,147,7,7,1,1,2,2,0,0,1,1,2,2,1,1,0,0,8,8,1,1,0,0,0,0,0,0,0,0,0,0,1,1,,,,,,,,,,,,,,,,,,
SKB KAB. BANDUNG,P9963174,9,3,1,2,1,1,2,2,2,1,6,7,0,2,0,0,0,0,0,0,0,0,0,0,0,0,0,0,0,0,0,0,0,0,0,0,0,0,0,0,23,13,2,246,114,132,10,10,1,1,1,1,0,0,1,1,1,1,1,1,0,0,5,5,1,1,0,0,0,0,1,1,0,0,0,0,9,9,,,,,,,,,,,,,,,,,,
SKB KAB. BANGGAI KEPULAUAN,P9957029,4,0,0,0,0,0,0,0,1,0,4,2,1,0,0,0,0,0,0,0,0,0,0,0,0,0,0,0,0,0,0,0,0,0,0,0,0,0,0,0,2,6,1,52,30,22,3,3,0,0,0,0,0,0,1,1,1,1,0,0,0,0,4,4,1,1,0,0,0,0,1,1,0,0,0,0,1,1,,,,,,,,,,,,,,,,,,
SKB INDRAGIRI HULU,P9952926,11,4,0,1,0,0,0,0,3,0,4,14,0,1,0,0,0,0,0,0,0,0,0,0,0,0,0,0,0,0,0,0,0,0,0,0,0,0,0,0,11,18,1,125,73,52,9,9,1,1,1,1,0,0,1,1,2,2,1,1,0,0,7,7,0,0,0,0,0,0,1,1,0,0,0,0,13,13,,,,,,,,,,,,,,,,,,
SKB Kabupaten Padang Pariaman,P9948292,10,0,1,1,1,1,3,2,6,2,2,7,0,2,0,0,0,0,0,0,0,0,0,0,0,0,0,0,0,0,0,0,0,0,0,0,0,0,0,0,7,9,2,182,142,40,2,3,1,1,0,0,0,0,1,1,1,1,1,1,0,0,2,2,1,1,0,0,0,0,0,0,0,0,0,0,1,1,,,,,,,,,,,,,,,,,,
SPNF SKB DISDIKBUD KABUPATEN ACEH SINGKIL,P9970070,8,0,3,3,2,1,3,3,3,2,0,2,1,3,0,0,0,0,0,0,0,0,0,0,0,0,0,0,0,0,0,0,0,0,0,0,0,0,0,0,4,2,4,135,81,54,6,6,1,1,1,1,0,0,1,1,1,1,1,1,0,0,4,4,1,1,0,0,0,0,1,1,0,0,0,0,1,1,,,,,,,,,,,,,,,,,,
SKB POLEWALI,P9954167,11,2,0,0,1,0,2,0,0,0,3,19,0,2,0,0,0,0,0,0,0,0,0,0,0,0,0,0,0,0,0,0,0,0,0,0,0,0,0,0,5,22,2,166,119,47,13,13,1,1,1,1,0,0,1,1,1,1,1,1,0,0,4,4,1,1,0,0,0,0,0,0,0,0,0,0,1,1,,,,,,,,,,,,,,,,,,
SATUAN PENDIDIKAN NON FORMAL SKB KAB. PONOROGO,P9952733,21,4,1,1,1,0,3,1,5,1,5,11,3,1,0,0,0,0,0,0,0,0,0,0,0,0,0,0,0,0,0,0,0,0,0,0,0,0,0,0,30,16,4,374,245,129,23,29,1,1,1,1,0,0,1,1,1,1,1,1,1,1,8,8,2,2,0,0,0,0,1,1,0,0,0,0,7,9,,,,,,,,,,,,,,,,,,
SKB MUKOMUKO,P9970248,7,0,0,0,0,0,2,0,2,0,3,9,6,3,0,0,0,0,0,0,0,0,0,0,0,0,0,0,0,0,0,0,0,0,0,0,0,0,0,0,12,12,9,125,86,39,9,9,0,0,0,0,0,0,1,1,1,1,0,0,0,0,2,2,0,0,0,0,0,0,0,0,0,0,0,0,1,1,,,,,,,,,,,,,,,,,,
SKB KOTA TEGAL,P9959977,23,4,3,4,1,1,2,0,3,0,5,16,2,1,0,0,0,0,0,0,0,0,0,0,0,0,0,0,0,0,0,0,0,0,0,0,0,0,0,0,10,21,3,407,244,163,6,6,0,0,2,2,0,0,1,1,2,2,0,0,0,0,6,6,0,0,0,0,0,0,0,0,0,0,0,0,6,6,,,,,,,,,,,,,,,,,,
SKB SURAKARTA,P9952751,7,1,1,1,1,1,1,0,0,0,0,6,0,1,0,0,0,0,0,0,0,0,0,0,0,0,0,0,0,0,0,0,0,0,0,0,0,0,0,0,4,6,1,126,63,63,7,7,1,1,0,0,0,0,1,1,2,2,1,1,0,0,4,4,1,1,0,0,0,0,0,0,0,0,0,0,1,1,,,,,,,,,,,,,,,,,,
Satuan Pendidikan Nonformal SKB Tapanuli Tengah,P9959825,6,0,1,1,2,1,2,3,2,1,2,6,0,5,0,0,0,0,0,0,0,0,0,0,0,0,0,0,0,0,0,0,0,0,0,0,0,0,0,0,4,8,5,123,91,32,13,13,1,1,0,0,0,0,3,3,1,1,0,0,0,0,7,7,0,0,0,0,0,0,0,0,0,0,0,0,12,12,,,,,,,,,,,,,,,,,,
SKB KOTA GORONTALO,P9948535,19,7,4,4,2,0,4,5,6,5,3,27,3,5,0,0,0,0,0,0,0,0,0,0,0,0,0,0,0,0,0,0,0,0,0,0,0,0,0,0,36,30,8,617,379,238,16,16,1,1,1,1,0,0,1,1,1,1,1,1,1,1,10,10,1,1,0,0,0,0,1,1,0,0,0,0,23,23,,,,,,,,,,,,,,,,,,
SPNF SKB KABUPATEN KARO,P9956966,12,0,3,4,1,1,3,2,6,2,8,17,1,2,0,0,0,0,0,0,0,0,0,0,0,0,0,0,0,0,0,0,0,0,0,0,0,0,0,0,33,25,3,150,91,59,30,30,0,0,0,0,0,0,2,2,4,4,1,1,0,0,3,3,2,2,0,0,1,1,0,0,0,0,0,0,1,1,,,,,,,,,,,,,,,,,,
SKB Halmahera Barat,P9970006,0,0,0,0,0,0,0,0,0,0,0,0,0,0,0,0,0,0,0,0,0,0,0,0,0,0,0,0,0,0,0,0,0,0,0,0,0,0,0,0,0,0,0,0,0,0,2,0,0,0,0,0,0,0,1,0,2,0,0,0,0,0,3,0,1,0,0,0,0,0,1,0,0,0,0,0,5,5,,,,,,,,,,,,,,,,,,
SKB MANOKWARI,P9954262,4,0,1,2,1,2,1,0,1,0,1,0,1,0,0,0,0,0,0,0,0,0,0,0,0,0,0,0,0,0,0,0,0,0,0,0,0,0,0,0,8,1,1,49,32,17,3,3,0,0,0,0,0,0,0,0,0,0,0,0,0,0,0,0,0,0,0,0,0,0,0,0,0,0,0,0,1,1,,,,,,,,,,,,,,,,,,
SKB Bantaeng,P9948022,60,2,19,22,10,13,19,17,20,16,21,45,0,0,0,0,0,0,0,0,0,0,0,0,0,0,0,0,0,0,0,0,0,0,0,0,0,0,0,0,65,66,0,1667,921,746,51,51,1,1,0,0,1,1,1,1,1,1,1,1,0,0,7,7,1,1,0,0,0,0,0,0,0,0,0,0,12,12,,,,,,,,,,,,,,,,,,
SPNF SKB HULU SUNGAI UTARA,P9969970,18,0,16,14,12,3,6,12,12,14,6,17,6,0,0,0,0,0,0,0,0,0,0,0,0,0,0,0,0,0,0,0,0,0,0,0,0,0,0,0,11,23,6,710,486,224,4,4,0,0,0,0,0,0,0,0,0,0,0,0,0,0,2,2,0,0,0,0,0,0,0,0,0,0,0,0,1,1,,,,,,,,,,,,,,,,,,
SKB KOTA BATAM,P9952456,17,0,1,1,0,0,0,0,2,0,8,11,3,0,0,0,0,0,0,0,0,0,0,0,0,0,0,0,0,0,0,0,0,0,0,0,0,0,0,0,8,19,3,203,133,70,15,15,1,1,0,0,1,1,1,1,2,2,1,1,0,0,6,6,2,2,0,0,0,0,2,2,0,0,1,1,17,17,,,,,,,,,,,,,,,,,,
UPT Satuan Pendidikan Non Formal Sanggar Kegiatan Belajar (SKB),P9970656,6,0,1,2,1,0,3,0,2,0,1,1,0,1,0,0,0,0,0,0,0,0,0,0,0,0,0,0,0,0,0,0,0,0,0,0,0,0,0,0,6,2,1,79,50,29,12,12,0,0,0,0,0,0,1,1,1,1,0,0,0,0,4,4,0,0,0,0,0,0,1,1,0,0,0,0,1,1,,,,,,,,,,,,,,,,,,
SKB MOJOKERTO,P9952734,15,1,0,0,0,0,0,0,3,0,3,8,3,1,0,0,0,0,0,0,0,0,0,0,0,0,0,0,0,0,0,0,0,0,0,0,0,0,0,0,19,11,4,317,170,147,7,7,0,0,2,2,0,0,6,6,1,1,1,1,0,0,7,7,0,0,0,0,0,0,0,0,0,0,0,0,17,17,,,,,,,,,,,,,,,,,,
SKB MASOHI,P9952815,9,0,3,5,4,2,2,1,8,0,3,3,3,2,0,0,0,0,0,0,0,0,0,0,0,0,0,0,0,0,0,0,0,0,0,0,0,0,0,0,16,6,5,201,141,60,1,1,0,0,0,0,0,0,1,1,1,1,0,0,0,0,2,2,1,1,0,0,0,0,0,0,0,0,0,0,1,1,,,,,,,,,,,,,,,,,,
SKB GUDO,P9948366,28,12,7,7,7,1,4,8,5,8,6,28,2,3,0,0,0,0,0,0,0,0,0,0,0,0,0,0,0,0,0,0,0,0,0,0,0,0,0,0,43,34,5,482,247,235,14,14,0,0,2,2,0,0,1,1,7,7,1,1,0,0,12,12,1,1,0,0,0,0,1,1,0,0,0,0,20,20,,,,,,,,,,,,,,,,,,
SPNF SKB KABUPATEN SIMEULUE,P9956883,3,0,1,1,1,1,1,0,1,1,3,5,4,4,0,0,0,0,0,0,0,0,0,0,0,0,0,0,0,0,0,0,0,0,0,0,0,0,0,0,10,8,8,26,18,8,5,5,1,1,0,0,0,0,1,1,1,1,0,0,0,0,3,3,1,1,0,0,0,0,1,1,0,0,0,0,2,2,,,,,,,,,,,,,,,,,,
SKB LEMBEAN TIMUR,P9952765,5,0,1,1,1,2,1,1,1,1,3,10,0,0,0,0,0,0,0,0,0,0,0,0,0,0,0,0,0,0,0,0,0,0,0,0,0,0,0,0,3,13,0,131,77,54,7,7,0,0,0,0,0,0,0,0,4,4,0,0,0,0,2,2,0,0,0,0,0,0,0,0,0,0,0,0,1,1,,,,,,,,,,,,,,,,,,
SKB MUARA JAWA,P9952698,9,1,1,1,1,1,2,1,4,2,3,4,1,2,0,0,0,0,0,0,0,0,0,0,0,0,0,0,0,0,0,0,0,0,0,0,0,0,0,0,18,7,3,177,110,67,9,10,1,1,0,0,0,0,1,1,2,2,0,0,0,0,4,4,1,1,0,0,0,0,1,1,0,0,0,0,6,7,,,,,,,,,,,,,,,,,,
SKB MORAMO,P9957068,10,0,1,1,1,1,2,2,2,1,1,4,3,2,0,0,0,0,0,0,0,0,0,0,0,0,0,0,0,0,0,0,0,0,0,0,0,0,0,0,15,5,5,231,132,99,3,3,1,1,0,0,0,0,1,1,1,1,0,0,0,0,5,5,1,1,0,0,0,0,1,1,0,0,0,0,4,4,,,,,,,,,,,,,,,,,,
SPNF SKB KOTA BENGKULU,P9970237,11,1,1,1,0,1,0,0,0,0,3,10,1,3,0,0,0,0,0,0,0,0,0,0,0,0,0,0,0,0,0,0,0,0,0,0,0,0,0,0,7,13,4,134,93,41,4,4,1,1,0,0,0,0,1,1,1,1,1,1,0,0,4,4,0,0,0,0,0,0,1,1,0,0,0,0,6,6,,,,,,,,,,,,,,,,,,
SKB. KOTAWARINGIN BARAT,P9970158,27,2,2,2,1,1,2,0,3,0,5,6,3,3,0,0,0,0,0,0,0,0,0,0,0,0,0,0,0,0,0,0,0,0,0,0,0,0,0,0,9,11,6,340,168,172,10,10,0,0,0,0,3,3,1,1,1,1,0,0,0,0,13,13,0,0,0,0,0,0,2,2,0,0,0,0,10,10,,,,,,,,,,,,,,,,,,
SANGGAR KEGIATAN BELAJAR KLU,P9959805,11,2,0,0,0,0,0,0,1,0,2,4,5,1,0,0,0,0,0,0,0,0,0,0,0,0,0,0,0,0,0,0,0,0,0,0,0,0,0,0,9,6,6,351,63,288,2,2,0,0,0,0,0,0,1,1,0,0,0,0,0,0,0,0,1,1,0,0,0,0,0,0,0,0,0,0,2,2,,,,,,,,,,,,,,,,,,
UPT SPNF KABUPATEN PURWOREJO,P9954174,11,4,2,1,1,1,1,1,2,1,4,6,0,2,0,0,0,0,0,0,0,0,0,0,0,0,0,0,0,0,0,0,0,0,0,0,0,0,0,0,29,10,2,254,137,117,25,25,1,1,1,1,0,0,1,1,1,1,1,1,0,0,7,7,0,0,0,0,0,0,0,0,0,0,0,0,1,1,,,,,,,,,,,,,,,,,,
SKB LEBONG,P9947980,9,0,2,2,2,5,1,3,2,1,4,9,0,3,0,0,0,0,0,0,0,0,0,0,0,0,0,0,0,0,0,0,0,0,0,0,0,0,0,0,7,13,3,274,198,76,8,8,1,1,0,0,0,0,1,1,1,1,0,0,0,0,11,11,1,1,0,0,0,0,1,1,0,0,0,0,5,5,,,,,,,,,,,,,,,,,,
SKB Kabupaten Soppeng,P9945791,21,2,8,3,4,5,2,1,2,4,1,4,1,1,0,0,0,0,0,0,0,0,0,0,0,0,0,0,0,0,0,0,0,0,0,0,0,0,0,0,17,5,2,459,274,185,2,2,1,1,0,0,0,0,1,1,1,1,0,0,0,0,4,4,1,1,0,0,0,0,0,0,0,0,0,0,1,1,,,,,,,,,,,,,,,,,,
SKB RANOMEETO,P9956866,6,0,2,2,2,1,3,2,2,0,3,20,9,14,0,0,0,0,0,0,0,0,0,0,0,0,0,0,0,0,0,0,0,0,0,0,0,0,0,0,2,23,23,100,63,37,7,7,1,1,2,2,0,0,1,1,2,2,1,1,0,0,3,3,0,0,0,0,0,0,1,1,0,0,0,0,6,6,,,,,,,,,,,,,,,,,,
SKB - SPNF KOTA PADANGSIDIMPUAN,P9952505,17,0,2,1,2,1,1,1,1,1,5,10,0,1,0,0,0,0,0,0,0,0,0,0,0,0,0,0,0,0,0,0,0,0,0,0,0,0,0,0,17,15,1,671,538,133,11,11,0,0,0,0,0,0,0,0,3,3,0,0,0,0,5,5,0,0,0,0,0,0,0,0,0,0,0,0,1,1,,,,,,,,,,,,,,,,,,
SKB ALOR,P9954292,9,0,1,1,0,1,2,0,7,0,6,4,3,6,0,0,0,0,0,0,0,0,0,0,0,0,0,0,0,0,0,0,0,0,0,0,0,0,0,0,4,10,9,307,194,113,5,5,1,1,0,0,0,0,1,1,0,0,1,1,0,0,12,12,0,0,0,0,0,0,1,1,0,0,0,0,3,3,,,,,,,,,,,,,,,,,,
SKB AJIBARANG,P9959723,16,2,5,3,5,2,3,2,3,2,2,18,0,1,0,0,0,0,0,0,0,0,0,0,0,0,0,0,0,0,0,0,0,0,0,0,0,0,0,0,16,20,1,254,144,110,20,19,1,1,4,3,0,0,1,1,2,2,1,1,1,2,7,7,1,1,0,0,0,0,1,1,0,0,0,0,10,10,,,,,,,,,,,,,,,,,,
SPNF TUMPAAN,P9984718,0,0,0,0,0,0,0,0,0,0,0,0,0,0,0,0,0,0,0,0,0,0,0,0,0,0,0,0,0,0,0,0,0,0,0,0,0,0,0,0,0,0,0,0,0,0,4,0,0,0,0,0,0,0,0,0,0,0,0,0,0,0,0,0,0,0,0,0,0,0,1,0,0,0,0,0,1,1,,,,,,,,,,,,,,,,,,
SPNF SKB KOTA SIBOLGA,P9948083,9,0,3,4,3,1,3,1,4,3,3,6,0,2,0,0,0,0,0,0,0,0,0,0,0,0,0,0,0,0,0,0,0,0,0,0,0,0,0,0,42,9,2,226,162,64,4,4,0,0,0,0,0,0,0,0,1,1,0,0,0,0,4,4,0,0,0,0,0,0,0,0,0,0,0,0,2,2,,,,,,,,,,,,,,,,,,
SKB TANJUNG JABUNG TIMUR,P9962675,12,0,0,0,0,0,0,0,3,0,2,2,1,2,0,0,0,0,0,0,0,0,0,0,0,0,0,0,0,0,0,0,0,0,0,0,0,0,0,0,20,4,3,129,85,44,4,4,0,0,0,0,0,0,0,0,1,1,0,0,0,0,3,3,0,0,0,0,0,0,0,0,0,0,0,0,2,2,,,,,,,,,,,,,,,,,,
SKB ACEH BESAR,P9962872,6,0,1,2,1,2,2,1,2,0,3,3,3,2,0,0,0,0,0,0,0,0,0,0,0,0,0,0,0,0,0,0,0,0,0,0,0,0,0,0,16,6,5,133,97,36,6,6,1,1,3,3,0,0,1,1,1,1,0,0,0,0,5,5,0,0,0,0,0,0,1,1,1,1,0,0,11,11,,,,,,,,,,,,,,,,,,
SPNF SKB BIRINGKANAYA,P2970085,10,2,1,1,2,2,2,1,2,3,1,6,1,1,0,0,0,0,0,0,0,0,0,0,0,0,0,0,0,0,0,0,0,0,0,0,0,0,0,0,8,7,2,122,74,48,6,6,0,0,0,0,0,0,2,2,1,1,1,1,0,0,4,4,0,0,0,0,0,0,1,1,0,0,0,0,9,9,,,,,,,,,,,,,,,,,,
SANGGAR KEGIATAN BELAJAR KUALA KAPUAS,P9970298,0,0,0,0,0,0,0,0,0,0,0,0,0,0,0,0,0,0,0,0,0,0,0,0,0,0,0,0,0,0,0,0,0,0,0,0,0,0,0,0,0,0,0,0,0,0,1,0,1,0,0,0,0,0,1,0,1,0,0,0,0,0,3,0,1,0,0,0,0,0,1,0,0,0,0,0,1,1,,,,,,,,,,,,,,,,,,
SPNF MOTOLING,P9984799,3,0,0,0,0,1,0,0,0,0,1,1,1,0,0,0,0,0,0,0,0,0,0,0,0,0,0,0,0,0,0,0,0,0,0,0,0,0,0,0,2,2,1,14,8,6,3,3,0,0,0,0,0,0,1,1,1,1,0,0,0,0,1,1,1,1,0,0,0,0,1,1,0,0,0,0,1,1,,,,,,,,,,,,,,,,,,
SKB SPNF WILAYAH 1 KOTA PADANG,P9959889,12,1,3,1,1,1,2,1,2,1,2,14,0,2,0,0,0,0,0,0,0,0,0,0,0,0,0,0,0,0,0,0,0,0,0,0,0,0,0,0,50,16,2,226,156,70,3,6,1,1,0,0,0,0,1,1,3,1,0,1,0,0,3,3,2,2,0,0,0,0,2,2,0,0,0,0,2,2,,,,,,,,,,,,,,,,,,
SKB PELALAWAN,P9970331,7,1,1,1,1,1,2,1,3,2,0,9,2,4,0,0,0,0,0,0,0,0,0,0,0,0,0,0,0,0,0,0,0,0,0,0,0,0,0,0,15,9,6,57,32,25,2,2,0,0,0,0,0,0,1,1,1,1,0,0,0,0,2,2,0,0,0,0,0,0,0,0,0,0,0,0,1,1,,,,,,,,,,,,,,,,,,
UPTD SPNF SKB SUSUKAN,P9962736,7,1,1,2,2,2,1,2,1,0,4,17,4,3,0,0,0,0,0,0,0,0,0,0,0,0,0,0,0,0,0,0,0,0,0,0,0,0,0,0,20,21,7,74,41,33,9,10,1,1,2,2,0,0,1,1,2,2,1,1,0,0,9,9,1,1,0,0,0,0,1,1,0,0,0,0,4,5,,,,,,,,,,,,,,,,,,
SKB NEGERI 2 SAMARINDA,P9996805,13,1,0,0,0,0,0,2,0,0,4,12,2,6,0,0,0,0,0,0,0,0,0,0,0,0,0,0,0,0,0,0,0,0,0,0,0,0,0,0,8,16,8,289,203,86,6,1,1,0,0,0,0,0,1,1,1,0,2,1,1,1,7,4,1,1,0,0,0,0,1,1,0,0,0,0,6,5,,,,,,,,,,,,,,,,,,
UPT-SKB KABUPATEN DAIRI,P9952917,6,2,1,1,0,1,2,0,1,0,3,5,2,1,0,0,0,0,0,0,0,0,0,0,0,0,0,0,0,0,0,0,0,0,0,0,0,0,0,0,12,8,3,28,20,8,7,7,0,0,1,1,0,0,2,2,2,2,0,0,0,0,2,2,1,1,0,0,0,0,0,0,0,0,0,0,1,1,,,,,,,,,,,,,,,,,,
SPNF SKB KOTA DUMAI,P9996456,4,0,0,0,0,0,0,0,2,0,0,1,5,0,0,0,0,0,0,0,0,0,0,0,0,0,0,0,0,0,0,0,0,0,0,0,0,0,0,0,29,1,5,23,13,10,1,1,0,0,0,0,0,0,0,0,0,0,0,0,0,0,0,0,0,0,0,0,0,0,0,0,0,0,0,0,2,2,,,,,,,,,,,,,,,,,,
SKB PACITAN,P9956860,10,0,1,1,2,2,3,3,3,3,5,8,2,1,0,0,0,0,0,0,0,0,0,0,0,0,0,0,0,0,0,0,0,0,0,0,0,0,0,0,18,13,3,139,86,53,7,7,1,1,1,1,0,0,2,2,1,1,2,2,0,0,9,9,1,1,0,0,0,0,1,1,0,0,0,0,4,4,,,,,,,,,,,,,,,,,,
SPNF SKB BOTO,P9959663,0,0,0,0,0,0,0,0,0,0,0,1,0,0,0,0,0,0,0,0,0,0,0,0,0,0,0,0,0,0,0,0,0,0,0,0,0,0,0,0,0,1,0,0,0,0,6,0,2,0,1,0,0,0,2,0,1,0,0,0,1,0,8,0,0,0,2,0,0,0,1,0,0,0,0,0,11,11,,,,,,,,,,,,,,,,,,
SKB Sangihe,P9970179,8,2,1,0,0,0,0,0,0,0,5,16,0,1,0,0,0,0,0,0,0,0,0,0,0,0,0,0,0,0,0,0,0,0,0,0,0,0,0,0,9,21,1,115,62,53,14,14,0,0,1,1,0,0,2,2,3,3,0,0,0,0,10,10,0,0,0,0,0,0,1,1,0,0,0,0,7,7,,,,,,,,,,,,,,,,,,
SKB KABUPATEN BIMA,P9959939,11,1,2,0,0,0,0,0,0,0,8,13,0,5,0,0,0,0,0,0,0,0,0,0,0,0,0,0,0,0,0,0,0,0,0,0,0,0,0,0,6,21,5,346,141,205,2,2,0,0,0,0,0,0,1,1,1,1,0,0,0,0,1,1,0,0,0,0,0,0,1,1,0,0,0,0,1,1,,,,,,,,,,,,,,,,,,
SKB KAIDIPANG,P9954139,8,0,3,1,1,1,3,3,2,3,6,9,1,1,0,0,0,0,0,0,0,0,0,0,0,0,0,0,0,0,0,0,0,0,0,0,0,0,0,0,10,15,2,171,111,60,1,1,1,1,0,0,0,0,0,0,0,0,0,0,0,0,1,1,0,0,0,0,0,0,0,0,0,0,0,0,1,2,,,,,,,,,,,,,,,,,,
SKB KAB. MUNA BARAT,P9970484,2,0,2,1,1,0,2,0,2,0,0,2,0,0,0,0,0,0,0,0,0,0,0,0,0,0,0,0,0,0,0,0,0,0,0,0,0,0,0,0,2,2,0,44,25,19,3,3,0,0,0,0,0,0,1,1,0,0,0,0,0,0,1,1,0,0,0,0,0,0,0,0,0,0,0,0,1,1,,,,,,,,,,,,,,,,,,
SKB HALMAHERA SELATAN,P9996838,0,0,0,0,0,0,0,0,0,0,0,0,0,0,0,0,0,0,0,0,0,0,0,0,0,0,0,0,0,0,0,0,0,0,0,0,0,0,0,0,0,0,0,0,0,0,0,0,0,0,0,0,0,0,0,0,0,0,0,0,0,0,0,0,0,0,0,0,0,0,0,0,0,0,0,0,0,0,,,,,,,,,,,,,,,,,,
SPNF SKB BELOPA,P9954127,18,5,5,4,2,1,3,1,3,0,3,29,3,14,0,0,0,0,0,0,0,0,0,0,0,0,0,0,0,0,0,0,0,0,0,0,0,0,0,0,7,32,17,300,184,116,18,18,1,1,1,1,0,0,1,1,1,1,0,0,0,0,4,4,1,1,0,0,0,0,0,0,0,0,0,0,8,8,,,,,,,,,,,,,,,,,,
UPTD SPNF SKB Kabupaten Gianyar,P9970475,5,1,1,1,1,1,1,2,2,2,7,8,2,0,0,0,0,0,0,0,0,0,0,0,0,0,0,0,0,0,0,0,0,0,0,0,0,0,0,0,5,15,2,46,17,29,8,8,0,0,1,1,0,0,1,1,1,1,1,1,0,0,4,4,1,1,0,0,0,0,1,1,0,0,0,0,4,4,,,,,,,,,,,,,,,,,,
SANGGAR KEGIATAN BELAJAR (SKB) MEMPURA,P9997335,93,1,13,11,15,4,14,16,13,12,5,16,4,2,0,0,0,0,0,0,0,0,0,0,0,0,0,0,0,0,0,0,0,0,0,0,0,0,0,0,27,21,6,1701,1107,594,6,6,0,0,0,0,0,0,0,0,1,1,0,0,0,0,1,1,0,0,0,0,0,0,0,0,0,0,0,0,1,1,,,,,,,,,,,,,,,,,,
SKB Sungailiat,P9962800,13,6,0,0,0,0,1,0,2,0,1,20,1,0,0,0,0,0,0,0,0,0,0,0,0,0,0,0,0,0,0,0,0,0,0,0,0,0,0,0,29,21,1,113,66,47,10,10,0,0,0,0,0,0,1,1,1,1,1,1,0,0,1,1,1,1,0,0,0,0,0,0,0,0,0,0,8,8,,,,,,,,,,,,,,,,,,
SKB PINRANG,P9954379,20,0,0,0,0,0,0,0,4,0,2,6,1,2,0,0,0,0,0,0,0,0,0,0,0,0,0,0,0,0,0,0,0,0,0,0,0,0,0,0,17,8,3,364,232,132,4,4,1,1,1,1,0,0,1,1,1,1,1,1,0,0,8,8,1,1,0,0,0,0,1,1,0,0,0,0,2,2,,,,,,,,,,,,,,,,,,
UPT SKB TAKALAR,P9962890,17,1,3,4,4,1,3,5,5,4,0,9,2,1,0,0,0,0,0,0,0,0,0,0,0,0,0,0,0,0,0,0,0,0,0,0,0,0,0,0,6,9,3,361,192,169,4,4,0,0,0,0,0,0,1,1,1,1,0,0,0,0,4,4,1,1,0,0,0,0,1,1,0,0,0,0,1,1,,,,,,,,,,,,,,,,,,
SKB KOTA GUNUNGSITOLI,P9962833,12,1,3,4,1,2,4,2,4,3,0,4,4,1,0,0,0,0,0,0,0,0,0,0,0,0,0,0,0,0,0,0,0,0,0,0,0,0,0,0,21,4,5,198,125,73,4,4,0,0,0,0,0,0,0,0,1,1,0,0,0,0,1,1,0,0,0,0,0,0,0,0,0,0,0,0,5,5,,,,,,,,,,,,,,,,,,
SATUAN PENDIDIKAN NONFORMAL SANGGAR KEGIATAN BELAJAR,P9970175,4,1,0,0,0,0,0,0,0,0,3,3,1,2,0,0,0,0,0,0,0,0,0,0,0,0,0,0,0,0,0,0,0,0,0,0,0,0,0,0,9,6,3,24,18,6,5,5,1,1,0,0,0,0,1,1,1,1,0,0,0,0,4,4,0,0,0,0,0,0,0,0,0,0,0,0,7,7,,,,,,,,,,,,,,,,,,
SKB JENEPONTO,P9954268,5,1,0,0,0,0,0,0,2,0,8,8,12,9,0,0,0,0,0,0,0,0,0,0,0,0,0,0,0,0,0,0,0,0,0,0,0,0,0,0,8,16,21,89,54,35,6,6,1,1,0,0,0,0,1,1,1,1,0,0,0,0,1,1,0,0,0,0,0,0,0,0,0,0,0,0,2,2,,,,,,,,,,,,,,,,,,
SKB PASANGKAYU,P9970396,1,0,1,1,1,0,1,0,1,0,2,0,1,0,0,0,0,0,0,0,0,0,0,0,0,0,0,0,0,0,0,0,0,0,0,0,0,0,0,0,3,2,1,7,6,1,1,1,0,0,0,0,0,0,1,1,1,1,0,0,0,0,1,1,0,0,0,0,0,0,0,0,0,0,0,0,1,1,,,,,,,,,,,,,,,,,,
SKB HALMAHERA TENGAH,P9970625,0,0,0,0,0,0,0,0,0,0,0,0,0,0,0,0,0,0,0,0,0,0,0,0,0,0,0,0,0,0,0,0,0,0,0,0,0,0,0,0,0,0,0,0,0,0,4,0,0,0,0,0,0,0,1,0,1,0,0,0,0,0,2,0,0,0,0,0,0,0,0,0,0,0,0,0,1,1,,,,,,,,,,,,,,,,,,
SATUAN PENDIDIKAN NONFORMAL SEJENIS SKB KABUPATEN PULANG PISAU,P9952605,7,0,1,1,1,1,3,1,3,1,2,3,1,0,0,0,0,0,0,0,0,0,0,0,0,0,0,0,0,0,0,0,0,0,0,0,0,0,0,0,7,5,1,82,64,18,4,4,0,0,0,0,0,0,1,1,1,1,1,0,0,0,3,3,0,0,0,0,0,0,0,1,0,0,0,0,6,6,,,,,,,,,,,,,,,,,,
SKB PINOGALUMAN,P9954138,12,0,2,2,2,2,2,2,3,2,4,7,1,0,0,0,0,0,0,0,0,0,0,0,0,0,0,0,0,0,0,0,0,0,0,0,0,0,0,0,25,11,1,373,228,145,2,2,0,0,0,0,0,0,0,0,0,0,0,0,0,0,2,2,0,0,0,0,0,0,0,0,0,0,0,0,5,5,,,,,,,,,,,,,,,,,,
SKB Kota Medan,P2963591,8,1,0,0,0,0,0,0,2,0,3,6,0,1,0,0,0,0,0,0,0,0,0,0,0,0,0,0,0,0,0,0,0,0,0,0,0,0,0,0,6,9,1,124,73,51,3,3,0,0,0,0,0,0,1,1,0,0,1,1,0,0,2,2,0,0,0,0,0,0,0,0,0,0,0,0,1,1,,,,,,,,,,,,,,,,,,
SKB KABUPATEN CIANJUR,P9970186,8,0,1,2,1,0,0,0,1,0,6,4,2,1,0,0,0,0,0,0,0,0,0,0,0,0,0,0,0,0,0,0,0,0,0,0,0,0,0,0,52,10,3,214,114,100,3,3,0,0,0,0,0,0,0,0,7,7,0,0,0,0,3,3,0,0,0,0,0,0,0,0,0,0,0,0,18,18,,,,,,,,,,,,,,,,,,
SKB KUNINGAN,P9952681,13,4,4,4,2,1,3,0,6,4,6,15,5,0,0,0,0,0,0,0,0,0,0,0,0,0,0,0,0,0,0,0,0,0,0,0,0,0,0,0,17,21,5,221,133,88,25,21,1,1,1,1,0,0,1,1,1,1,1,1,0,0,7,7,1,1,0,0,0,0,1,1,0,0,0,0,1,1,,,,,,,,,,,,,,,,,,
SATUAN PNF SKB KABUPATEN BURU,P9952812,5,0,2,1,3,1,2,3,2,2,3,6,0,2,0,0,0,0,0,0,0,0,0,0,0,0,0,0,0,0,0,0,0,0,0,0,0,0,0,0,9,9,2,38,30,8,4,4,1,1,0,0,0,0,1,1,1,1,0,0,0,0,2,2,0,0,0,0,0,0,0,0,0,0,0,0,8,8,,,,,,,,,,,,,,,,,,
SKB BOLMONG,P9956815,8,0,0,0,0,0,0,0,2,0,3,11,1,1,0,0,0,0,0,0,0,0,0,0,0,0,0,0,0,0,0,0,0,0,0,0,0,0,0,0,6,14,2,159,84,75,3,3,0,0,2,2,0,0,1,1,0,0,0,0,0,0,1,1,0,0,0,0,0,0,1,1,0,0,0,0,1,1,,,,,,,,,,,,,,,,,,
UPT SKB WAY KANAN,P9970246,20,17,3,1,1,0,2,1,4,0,7,28,4,1,0,0,0,0,0,0,0,0,0,0,0,0,0,0,0,0,0,0,0,0,0,0,0,0,0,0,33,35,5,470,314,156,6,6,2,2,1,1,1,1,1,1,1,1,0,0,2,2,7,7,2,2,0,0,2,2,0,0,0,0,0,0,12,12,,,,,,,,,,,,,,,,,,
SPNF SKB KOTA PONTIANAK,P2967065,14,1,1,1,1,0,0,0,0,0,2,8,0,1,0,0,0,0,0,0,0,0,0,0,0,0,0,0,0,0,0,0,0,0,0,0,0,0,0,0,10,10,1,295,151,144,7,7,1,1,1,1,0,0,1,1,1,1,1,1,1,1,2,2,1,1,0,0,0,0,0,0,0,0,0,0,1,1,,,,,,,,,,,,,,,,,,
SPNF-SKB BOLANGITANG,P9954173,6,0,1,1,3,1,1,3,3,5,5,6,2,1,0,0,0,0,0,0,0,0,0,0,0,0,0,0,0,0,0,0,0,0,0,0,0,0,0,0,8,11,3,155,92,63,4,4,0,0,0,0,0,0,1,1,1,1,0,0,0,0,1,1,0,0,0,0,0,0,0,0,0,0,0,0,1,1,,,,,,,,,,,,,,,,,,
SKB Kota Serang,P9962712,13,1,2,2,2,1,3,0,4,0,3,10,2,0,0,0,0,0,0,0,0,0,0,0,0,0,0,0,0,0,0,0,0,0,0,0,0,0,0,0,38,13,2,259,188,71,10,10,1,1,0,0,0,0,1,1,2,2,0,0,0,0,3,3,1,1,0,0,0,0,1,1,0,0,0,0,1,1,,,,,,,,,,,,,,,,,,
SKB PANDEGLANG,P9970199,12,0,1,1,1,1,3,3,3,2,5,12,2,1,0,0,0,0,0,0,0,0,0,0,0,0,0,0,0,0,0,0,0,0,0,0,0,0,0,0,17,17,3,287,159,128,10,10,1,1,2,2,0,0,1,1,2,2,1,1,0,0,5,5,1,1,0,0,0,0,1,1,0,0,0,0,1,1,,,,,,,,,,,,,,,,,,
SKB NIKA TIDI,P9984713,8,1,1,1,1,1,2,1,2,2,2,2,0,0,0,0,0,0,0,0,0,0,0,0,0,0,0,0,0,0,0,0,0,0,0,0,0,0,0,0,21,4,0,272,153,119,4,5,0,0,0,1,0,0,1,1,1,1,0,0,0,0,3,3,0,0,0,0,0,0,0,0,0,0,0,0,3,6,,,,,,,,,,,,,,,,,,
SATUAN PENDIDIKAN NON-FORMAL SKB PULAU TALIABU,P9970539,5,0,2,1,2,1,2,0,1,0,0,6,1,1,0,0,0,0,0,0,0,0,0,0,0,0,0,0,0,0,0,0,0,0,0,0,0,0,0,0,9,6,2,220,146,74,2,2,0,0,0,0,0,0,0,0,1,1,0,0,0,0,0,0,0,0,0,0,0,0,0,0,0,0,0,0,2,2,,,,,,,,,,,,,,,,,,
SKB GROGOL,P9970612,0,0,0,0,0,0,0,0,0,0,0,0,0,0,0,0,0,0,0,0,0,0,0,0,0,0,0,0,0,0,0,0,0,0,0,0,0,0,0,0,0,0,0,0,0,0,0,0,0,0,0,0,0,0,0,0,0,0,0,0,0,0,0,0,0,0,0,0,0,0,0,0,0,0,0,0,1,1,,,,,,,,,,,,,,,,,,
SKB KABUPATEN SAROLANGUN,P9984253,9,1,1,1,0,1,2,0,2,0,0,2,0,6,0,0,0,0,0,0,0,0,0,0,0,0,0,0,0,0,0,0,0,0,0,0,0,0,0,0,11,2,6,94,75,19,3,3,0,0,1,1,0,0,1,1,1,1,0,0,0,0,2,2,0,0,0,0,0,0,0,0,0,0,0,0,4,4,,,,,,,,,,,,,,,,,,
SKB MUSI RAWAS,P9959909,8,2,2,2,2,1,2,0,2,0,9,8,0,1,0,0,0,0,0,0,0,0,0,0,0,0,0,0,0,0,0,0,0,0,0,0,0,0,0,0,16,17,1,98,59,39,10,10,1,1,1,1,0,0,1,1,1,1,1,1,0,0,4,4,1,1,2,2,0,0,3,3,0,0,0,0,1,1,,,,,,,,,,,,,,,,,,
SPNF SKB KAB. SUKABUMI,P9959835,15,1,1,1,1,1,1,1,1,1,3,4,2,1,0,0,0,0,0,0,0,0,0,0,0,0,0,0,0,0,0,0,0,0,0,0,0,0,0,0,97,7,3,383,208,175,20,20,0,0,0,0,0,0,1,1,5,5,1,1,0,0,10,10,1,1,0,0,0,0,0,0,0,0,1,1,16,16,,,,,,,,,,,,,,,,,,
SKB UPT KOTA BANDUNG,P9962758,30,1,0,0,0,0,0,0,9,0,15,32,2,1,0,0,0,0,0,0,0,0,0,0,0,0,0,0,0,0,0,0,0,0,0,0,0,0,0,0,24,47,3,379,252,127,7,7,0,0,0,0,0,0,1,1,2,2,1,1,0,0,4,4,0,0,0,0,0,0,1,1,0,0,0,0,1,1,,,,,,,,,,,,,,,,,,
SKB SANGGAU,P9957042,7,0,1,1,1,1,1,0,0,0,4,3,0,1,0,0,0,0,0,0,0,0,0,0,0,0,0,0,0,0,0,0,0,0,0,0,0,0,0,0,4,7,1,94,63,31,13,12,0,0,0,0,0,0,1,1,1,1,0,0,0,0,14,14,0,0,0,0,0,0,0,0,0,0,0,0,9,9,,,,,,,,,,,,,,,,,,
SKB TULANG BAWANG PINTAR,P9968122,8,1,0,2,0,0,1,0,1,0,0,5,1,2,0,0,0,0,0,0,0,0,0,0,0,0,0,0,0,0,0,0,0,0,0,0,0,0,0,0,18,5,3,105,69,36,4,4,0,0,0,0,0,0,1,1,0,0,0,0,0,0,3,3,1,1,0,0,0,0,0,0,0,0,0,0,4,4,,,,,,,,,,,,,,,,,,
SKB BUTON SELATAN,P9984284,0,0,0,0,0,0,0,0,0,0,2,2,0,1,0,0,0,0,0,0,0,0,0,0,0,0,0,0,0,0,0,0,0,0,0,0,0,0,0,0,0,4,1,0,0,0,0,0,0,0,0,0,0,0,0,0,0,0,0,0,0,0,0,0,0,0,0,0,0,0,0,0,0,0,0,0,0,0,,,,,,,,,,,,,,,,,,
SPNF SKB SAKA PANDE,P9997094,3,0,1,1,2,0,1,2,1,0,4,1,0,1,0,0,0,0,0,0,0,0,0,0,0,0,0,0,0,0,0,0,0,0,0,0,0,0,0,0,3,5,1,41,20,21,1,1,0,0,0,0,0,0,1,1,4,4,0,0,0,0,5,5,0,0,0,0,0,0,1,1,0,0,0,0,1,1,,,,,,,,,,,,,,,,,,
SKB KABUPATEN BEKASI,P9970230,19,3,0,1,1,0,0,0,2,0,2,9,5,4,0,0,0,0,0,0,0,0,0,0,0,0,0,0,0,0,0,0,0,0,0,0,0,0,0,0,10,11,9,389,243,146,6,6,1,1,1,1,0,0,1,1,2,2,1,1,0,0,4,4,2,2,0,0,0,0,1,1,0,0,0,0,7,7,,,,,,,,,,,,,,,,,,
SPN SKB BOMBANA,P9959988,0,0,0,0,0,0,0,0,0,0,0,0,0,0,0,0,0,0,0,0,0,0,0,0,0,0,0,0,0,0,0,0,0,0,0,0,0,0,0,0,0,0,0,0,0,0,6,0,0,0,1,0,0,0,2,0,0,0,1,0,0,0,2,0,1,0,0,0,0,0,1,0,0,0,0,0,5,5,,,,,,,,,,,,,,,,,,
SKB OKU TIMUR,P9963091,6,0,1,1,1,1,1,0,1,0,1,4,2,1,0,0,0,0,0,0,0,0,0,0,0,0,0,0,0,0,0,0,0,0,0,0,0,0,0,0,4,5,3,164,97,67,9,9,0,0,0,0,0,0,1,1,1,1,0,0,0,0,4,4,0,0,0,0,0,0,0,0,0,0,0,0,16,16,,,,,,,,,,,,,,,,,,
SKB SENGKANG,P9963171,34,9,0,0,0,0,0,0,11,0,4,21,3,2,0,0,0,0,0,0,0,0,0,0,0,0,0,0,0,0,0,0,0,0,0,0,0,0,0,0,15,25,5,491,272,219,4,7,1,1,0,2,0,0,1,1,1,2,0,0,0,0,11,5,1,1,0,0,0,0,1,0,0,0,0,0,8,8,,,,,,,,,,,,,,,,,,
SPNF KABUPATEN KEPULAUAN YAPEN,P9970536,10,0,0,0,0,0,0,0,3,0,0,0,0,0,0,0,0,0,0,0,0,0,0,0,0,0,0,0,0,0,0,0,0,0,0,0,0,0,0,0,10,0,0,155,94,61,9,10,0,0,0,0,0,0,0,0,1,1,0,0,0,0,2,2,0,0,0,0,0,0,0,0,0,0,0,0,1,1,,,,,,,,,,,,,,,,,,
SKB KAB. PEKALONGAN,P9948008,8,0,0,0,0,0,0,0,2,0,6,3,4,2,0,0,0,0,0,0,0,0,0,0,0,0,0,0,0,0,0,0,0,0,0,0,0,0,0,0,22,9,6,218,126,92,4,4,0,0,1,1,0,0,0,0,2,2,0,0,0,0,6,6,0,0,0,0,0,0,0,0,0,0,0,0,6,6,,,,,,,,,,,,,,,,,,
SPNF SKB KABUPATEN MUARO JAMBI,P9963156,8,0,2,3,2,1,2,2,3,1,2,4,0,1,0,0,0,0,0,0,0,0,0,0,0,0,0,0,0,0,0,0,0,0,0,0,0,0,0,0,6,6,1,87,55,32,3,3,1,1,0,0,1,1,1,1,1,1,0,0,0,0,4,4,0,0,0,0,0,0,1,1,0,0,0,0,1,1,,,,,,,,,,,,,,,,,,
SKB UNAAHA,P9962900,3,0,2,1,1,1,1,0,2,1,3,2,3,1,0,0,0,0,0,0,0,0,0,0,0,0,0,0,0,0,0,0,0,0,0,0,0,0,0,0,11,5,4,53,36,17,7,7,1,1,1,1,1,1,1,1,0,0,1,1,0,0,2,2,0,0,0,0,0,0,1,1,0,0,0,0,13,13,,,,,,,,,,,,,,,,,,
SKB KABUPATEN MALANG,P9962919,14,1,0,1,1,0,2,0,2,0,2,10,2,1,0,0,0,0,0,0,0,0,0,0,0,0,0,0,0,0,0,0,0,0,0,0,0,0,0,0,11,12,3,262,160,102,13,13,1,1,1,1,0,0,1,1,1,1,1,1,0,0,5,5,0,0,0,0,0,0,2,2,1,1,0,0,13,13,,,,,,,,,,,,,,,,,,
SKB LAMPUNG UTARA,P9948159,9,1,1,2,2,1,2,0,2,0,5,18,0,2,0,0,0,0,0,0,0,0,0,0,0,0,0,0,0,0,0,0,0,0,0,0,0,0,0,0,18,23,2,129,79,50,10,10,0,0,0,0,0,0,1,1,1,1,1,1,0,0,11,11,1,1,0,0,0,0,0,0,0,0,0,0,17,17,,,,,,,,,,,,,,,,,,
SKB BULUKUMBA,P9952615,15,1,2,3,1,1,2,1,2,0,4,15,3,2,0,0,0,0,0,0,0,0,0,0,0,0,0,0,0,0,0,0,0,0,0,0,0,0,0,0,5,19,5,336,177,159,4,4,1,1,1,1,0,0,1,1,1,1,1,1,0,0,11,11,0,0,0,0,0,0,1,1,0,0,0,0,13,13,,,,,,,,,,,,,,,,,,
UPT SKB PAKPAK BHARAT,P9962680,8,4,0,0,0,0,0,0,3,0,2,8,0,3,0,0,0,0,0,0,0,0,0,0,0,0,0,0,0,0,0,0,0,0,0,0,0,0,0,0,31,10,3,85,57,28,9,9,0,0,0,0,0,0,1,1,2,2,0,0,0,0,6,6,1,1,0,0,0,0,1,1,0,0,0,0,13,13,,,,,,,,,,,,,,,,,,
SKB YPPK TILLEMANS,P9997508,0,0,0,0,0,0,0,0,0,0,0,0,0,0,0,0,0,0,0,0,0,0,0,0,0,0,0,0,0,0,0,0,0,0,0,0,0,0,0,0,0,0,0,0,0,0,4,0,0,0,0,0,0,0,0,0,0,0,0,0,0,0,0,0,0,0,0,0,0,0,0,0,0,0,0,0,1,1,,,,,,,,,,,,,,,,,,
UPTD SPNF SKB KOTA KEDIRI,P9970240,13,0,0,0,0,0,1,0,3,0,5,12,1,6,0,0,0,0,0,0,0,0,0,0,0,0,0,0,0,0,0,0,0,0,0,0,0,0,0,0,12,17,7,169,103,66,7,7,0,0,0,0,0,0,1,1,3,3,0,0,0,0,6,6,0,0,0,0,0,0,0,0,0,0,0,0,4,4,,,,,,,,,,,,,,,,,,
SKB SEKOLAH NON FORMAL NEGERI SUBANG,P9970150,14,1,1,1,1,0,1,0,3,1,13,9,7,5,0,0,0,0,0,0,0,0,0,0,0,0,0,0,0,0,0,0,0,0,0,0,0,0,0,0,28,22,12,264,136,128,8,7,0,0,0,0,0,0,1,1,1,1,0,0,0,0,3,3,1,1,0,0,0,0,1,1,0,0,0,0,4,4,,,,,,,,,,,,,,,,,,
SKB KABUPATEN MUARA ENIM,P9948434,13,3,1,1,2,1,3,1,3,2,4,16,1,6,0,0,0,0,0,0,0,0,0,0,0,0,0,0,0,0,0,0,0,0,0,0,0,0,0,0,27,20,7,237,171,66,11,17,0,0,0,0,0,0,1,1,1,1,1,1,0,0,10,10,1,1,0,0,0,0,2,2,2,2,0,0,21,21,,,,,,,,,,,,,,,,,,
SPNF SKB MAMUJU TENGAH,P9984924,6,0,1,1,0,0,1,0,2,0,2,0,0,1,0,0,0,0,0,0,0,0,0,0,0,0,0,0,0,0,0,0,0,0,0,0,0,0,0,0,2,2,1,201,119,82,7,3,0,0,0,0,0,0,0,0,0,1,0,0,0,0,0,1,0,0,0,0,0,0,0,0,0,0,0,0,4,3,,,,,,,,,,,,,,,,,,
SKB PESISIR SELATAN,P9970002,7,2,1,1,1,1,1,0,2,0,1,5,2,3,0,0,0,0,0,0,0,0,0,0,0,0,0,0,0,0,0,0,0,0,0,0,0,0,0,0,10,6,5,63,47,16,5,5,1,1,0,0,0,0,1,1,1,1,1,1,0,0,5,5,1,1,0,0,0,0,1,1,0,0,0,0,9,9,,,,,,,,,,,,,,,,,,
SKB KAB. MINAHASA SELATAN,P9954205,4,0,0,0,0,1,0,0,0,0,1,4,0,1,0,0,0,0,0,0,0,0,0,0,0,0,0,0,0,0,0,0,0,0,0,0,0,0,0,0,3,5,1,58,35,23,6,6,0,0,0,0,0,0,0,0,1,1,0,0,0,0,4,4,0,0,0,0,0,0,0,0,0,0,0,0,2,2,,,,,,,,,,,,,,,,,,
SKB N PASAMAN BARAT,P9947908,7,0,2,3,1,1,2,1,3,4,1,11,2,2,0,0,0,0,0,0,0,0,0,0,0,0,0,0,0,0,0,0,0,0,0,0,0,0,0,0,8,12,4,85,70,15,7,9,1,1,2,2,0,0,1,1,2,2,0,0,0,0,6,6,0,0,0,0,0,0,1,1,0,0,0,0,1,1,,,,,,,,,,,,,,,,,,
SKB KABUPATEN SUMBAWA,P9948014,12,5,1,1,2,1,2,0,4,0,4,10,1,0,0,0,0,0,0,0,0,0,0,0,0,0,0,0,0,0,0,0,0,0,0,0,0,0,0,0,5,14,1,192,135,57,13,13,0,0,0,0,0,0,1,1,1,1,0,0,0,0,6,6,0,0,0,0,0,0,1,1,0,0,0,0,25,25,,,,,,,,,,,,,,,,,,
SKB Kabupaten Berau,P9970335,10,3,1,1,1,1,1,1,1,1,6,3,4,5,0,0,0,0,0,0,0,0,0,0,0,0,0,0,0,0,0,0,0,0,0,0,0,0,0,0,10,9,9,151,58,93,5,5,0,0,0,0,0,0,1,1,1,1,0,0,0,0,4,4,1,1,0,0,0,0,1,1,0,0,0,0,2,2,,,,,,,,,,,,,,,,,,
SPNF SKB DINAS PENDIDIKAN KAB. NAGAN RAYA,P9948212,7,0,4,4,4,3,5,3,4,5,2,12,2,0,0,0,0,0,0,0,0,0,0,0,0,0,0,0,0,0,0,0,0,0,0,0,0,0,0,0,15,14,2,129,81,48,6,6,0,0,1,1,0,0,1,1,1,1,0,0,0,0,2,2,1,1,0,0,0,0,1,1,0,0,0,0,1,1,,,,,,,,,,,,,,,,,,
SKB KABUPATEN TANGGAMUS,P9963111,9,0,3,3,4,2,1,5,2,5,4,6,4,1,0,0,0,0,0,0,0,0,0,0,0,0,0,0,0,0,0,0,0,0,0,0,0,0,0,0,28,10,5,110,75,35,9,9,0,0,1,1,0,0,1,1,1,1,1,1,0,0,5,5,0,0,0,0,0,0,1,1,0,0,0,0,7,7,,,,,,,,,,,,,,,,,,
SKB LOMBOK TENGAH,P9962863,3,1,1,2,1,1,2,1,2,1,4,10,3,5,0,0,0,0,0,0,0,0,0,0,0,0,0,0,0,0,0,0,0,0,0,0,0,0,0,0,5,14,8,54,34,20,9,9,1,1,0,0,0,0,1,1,1,1,0,0,0,0,6,6,1,1,0,0,0,0,0,0,1,1,0,0,1,1,,,,,,,,,,,,,,,,,,
SKB TOLANGOHULA,P9948456,7,0,0,0,0,0,0,0,2,0,2,4,1,1,0,0,0,0,0,0,0,0,0,0,0,0,0,0,0,0,0,0,0,0,0,0,0,0,0,0,9,6,2,141,76,65,10,7,1,1,0,0,0,0,1,1,1,1,0,0,0,0,3,5,1,1,0,0,0,0,1,1,0,0,0,0,1,7,,,,,,,,,,,,,,,,,,
SKB KOTA JAYAPURA,P9970305,10,0,0,0,0,0,1,0,0,0,1,4,1,1,0,0,0,0,0,0,0,0,0,0,0,0,0,0,0,0,0,0,0,0,0,0,0,0,0,0,5,5,2,428,250,178,9,9,1,1,0,0,0,0,1,1,1,1,0,0,0,0,2,2,0,0,0,0,0,0,1,1,0,0,0,0,1,1,,,,,,,,,,,,,,,,,,
SKB KAB.PATI,P9952854,17,2,6,8,1,1,3,4,5,5,4,22,2,3,0,0,0,0,0,0,0,0,0,0,0,0,0,0,0,0,0,0,0,0,0,0,0,0,0,0,12,26,5,563,251,312,16,16,1,1,0,0,1,1,1,1,1,1,1,1,0,0,10,11,1,1,0,0,0,0,1,1,1,1,0,0,11,11,,,,,,,,,,,,,,,,,,
SKB I TANAH DATAR,P9970042,11,1,1,2,3,1,2,2,5,3,7,5,0,0,0,0,0,0,0,0,0,0,0,0,0,0,0,0,0,0,0,0,0,0,0,0,0,0,0,0,16,12,0,259,219,40,7,7,0,0,1,1,0,0,1,1,1,1,0,0,0,0,8,10,0,0,0,0,0,0,0,0,0,0,0,0,1,1,,,,,,,,,,,,,,,,,,
SPNF SKB PIDIE JAYA,P9984436,8,0,2,4,1,1,4,0,6,0,2,1,4,5,0,0,0,0,0,0,0,0,0,0,0,0,0,0,0,0,0,0,0,0,0,0,0,0,0,0,4,3,9,154,106,48,3,3,0,0,0,0,0,0,1,1,1,1,0,0,0,0,1,1,0,0,0,0,0,0,0,0,0,0,0,0,1,1,,,,,,,,,,,,,,,,,,
SKB Tana Toraja,P9970468,5,1,0,1,0,0,1,0,2,0,4,10,1,0,0,0,0,0,0,0,0,0,0,0,0,0,0,0,0,0,0,0,0,0,0,0,0,0,0,0,4,14,1,61,42,19,7,7,1,1,0,0,0,0,2,2,2,2,0,0,0,0,4,4,1,1,0,0,1,1,0,0,0,0,0,0,1,1,,,,,,,,,,,,,,,,,,
SKB LAONTI,P9960021,1,0,1,1,1,0,1,0,1,0,1,1,0,2,0,0,0,0,0,0,0,0,0,0,0,0,0,0,0,0,0,0,0,0,0,0,0,0,0,0,2,2,2,22,12,10,1,1,0,0,0,0,0,0,1,1,1,1,1,1,0,0,2,2,2,2,0,0,0,0,1,1,0,0,0,0,1,1,,,,,,,,,,,,,,,,,,
SPNF SKB SIBOLANGIT,P9945822,7,1,2,1,1,3,1,2,2,0,3,2,1,0,0,0,0,0,0,0,0,0,0,0,0,0,0,0,0,0,0,0,0,0,0,0,0,0,0,0,13,5,1,105,67,38,7,7,1,1,1,1,0,0,2,2,1,1,0,0,0,0,5,5,0,0,0,0,0,0,0,0,0,0,0,0,4,4,,,,,,,,,,,,,,,,,,
UPT SANGGAR KEGIATAN BELAJAR (SKB) LUWU UTARA,P9996428,0,0,0,0,0,0,0,0,0,0,0,0,0,0,0,0,0,0,0,0,0,0,0,0,0,0,0,0,0,0,0,0,0,0,0,0,0,0,0,0,0,0,0,0,0,0,2,0,0,0,0,0,0,0,0,0,1,0,0,0,0,0,1,0,0,0,0,0,0,0,0,0,0,0,0,0,3,3,,,,,,,,,,,,,,,,,,
SPNF NEGERI SKB KETAPANG,P9945823,7,0,0,2,1,0,0,0,0,0,1,5,2,2,0,0,0,0,0,0,0,0,0,0,0,0,0,0,0,0,0,0,0,0,0,0,0,0,0,0,8,6,4,118,89,29,5,5,1,1,0,0,0,0,1,1,1,1,0,0,0,0,2,2,1,1,0,0,0,0,0,0,0,0,0,0,5,5,,,,,,,,,,,,,,,,,,
SKB Melati,P9959736,0,0,0,0,0,0,0,0,0,0,0,0,0,0,0,0,0,0,0,0,0,0,0,0,0,0,0,0,0,0,0,0,0,0,0,0,0,0,0,0,0,0,0,0,0,0,4,0,0,0,0,0,0,0,0,0,1,0,0,0,0,0,2,0,0,0,0,0,0,0,0,0,0,0,0,0,1,1,,,,,,,,,,,,,,,,,,
SKB TONDANO,P9952822,3,1,0,0,0,0,0,0,2,0,3,11,0,1,0,0,0,0,0,0,0,0,0,0,0,0,0,0,0,0,0,0,0,0,0,0,0,0,0,0,6,14,1,41,30,11,4,4,1,1,0,0,0,0,2,2,2,2,0,0,0,0,3,3,1,1,0,0,0,0,0,0,0,0,0,0,2,2,,,,,,,,,,,,,,,,,,
Satuan PNF SKB Manggarai Barat,P9954306,4,0,1,2,1,1,1,1,1,2,6,5,1,2,0,0,0,0,0,0,0,0,0,0,0,0,0,0,0,0,0,0,0,0,0,0,0,0,0,0,12,11,3,77,62,15,11,11,0,0,0,0,0,0,3,3,3,3,0,0,0,0,4,4,3,3,0,0,0,0,1,1,0,0,0,0,9,9,,,,,,,,,,,,,,,,,,
SKB BURU SELATAN,P9959858,22,2,1,1,0,1,2,0,1,1,4,7,3,5,0,0,0,0,0,0,0,0,0,0,0,0,0,0,0,0,0,0,0,0,0,0,0,0,0,0,16,11,8,511,301,210,16,17,0,0,0,0,0,0,1,1,1,1,0,0,0,0,4,4,0,0,0,0,0,0,0,0,0,0,0,0,12,13,,,,,,,,,,,,,,,,,,
SKB MAPPI,P9970446,0,0,0,0,0,0,0,0,0,0,0,0,0,0,0,0,0,0,0,0,0,0,0,0,0,0,0,0,0,0,0,0,0,0,0,0,0,0,0,0,0,0,0,0,0,0,0,0,0,0,0,0,0,0,0,0,0,0,0,0,0,0,0,0,0,0,0,0,0,0,0,0,0,0,0,0,0,0,,,,,,,,,,,,,,,,,,
SKB Demak,P9957036,17,6,1,1,1,0,0,1,3,1,3,10,4,1,0,0,0,0,0,0,0,0,0,0,0,0,0,0,0,0,0,0,0,0,0,0,0,0,0,0,12,13,5,259,142,117,16,16,1,1,2,2,3,3,0,0,1,1,1,1,0,0,12,12,1,1,0,0,0,0,1,1,0,0,0,0,11,11,,,,,,,,,,,,,,,,,,
SPNF SKB KABUPATEN CIREBON,P9970686,11,2,2,1,2,1,1,1,2,3,0,8,1,2,0,0,0,0,0,0,0,0,0,0,0,0,0,0,0,0,0,0,0,0,0,0,0,0,0,0,10,8,3,113,69,44,3,10,0,0,0,0,0,0,1,1,1,1,0,0,0,0,1,1,1,1,0,0,0,0,0,0,0,0,0,0,1,1,,,,,,,,,,,,,,,,,,
SPN SKB KAB. GARUT,P9952868,10,0,1,0,0,0,1,0,3,0,2,4,1,4,0,0,0,0,0,0,0,0,0,0,0,0,0,0,0,0,0,0,0,0,0,0,0,0,0,0,8,6,5,67,44,23,12,12,1,1,1,1,1,1,1,1,1,1,0,0,1,1,11,11,1,1,1,1,0,0,1,1,0,0,1,1,11,11,,,,,,,,,,,,,,,,,,
SKB Kab. Fakfak,P9984395,2,0,1,1,2,1,1,0,2,0,1,6,2,0,0,0,0,0,0,0,0,0,0,0,0,0,0,0,0,0,0,0,0,0,0,0,0,0,0,0,2,7,2,5,4,1,3,3,0,0,0,0,0,0,1,1,1,1,0,0,0,0,1,1,0,0,0,0,0,0,0,0,0,0,0,0,1,1,,,,,,,,,,,,,,,,,,
SPNF SKB BOLAANG MONGONDOW SELATAN,P9948120,11,0,4,3,1,1,2,2,7,2,9,16,2,1,0,0,0,0,0,0,0,0,0,0,0,0,0,0,0,0,0,0,0,0,0,0,0,0,0,0,2,25,3,393,239,154,8,8,0,0,0,0,0,0,1,1,1,1,0,0,0,0,4,4,0,0,0,0,0,0,0,0,0,0,0,0,6,6,,,,,,,,,,,,,,,,,,
SKB NAGEKEO,P9959998,0,0,0,0,0,0,0,0,0,0,0,0,0,0,0,0,0,0,0,0,0,0,0,0,0,0,0,0,0,0,0,0,0,0,0,0,0,0,0,0,0,0,0,0,0,0,2,0,0,0,0,0,0,0,1,0,1,0,0,0,0,0,2,0,0,0,0,0,0,0,0,0,0,0,0,0,1,1,,,,,,,,,,,,,,,,,,
UPT SKB BOYOLALI,P9970011,8,3,0,0,0,0,0,0,1,0,2,6,1,1,0,0,0,0,0,0,0,0,0,0,0,0,0,0,0,0,0,0,0,0,0,0,0,0,0,0,12,8,2,76,47,29,8,8,1,1,0,0,0,0,2,2,1,1,1,1,0,0,2,2,0,0,0,0,0,0,0,0,0,0,0,0,9,9,,,,,,,,,,,,,,,,,,
SKB KAB. PASER,P9968116,11,3,1,1,1,1,2,1,6,3,2,5,2,0,0,0,0,0,0,0,0,0,0,0,0,0,0,0,0,0,0,0,0,0,0,0,0,0,0,0,12,7,2,84,43,41,2,2,0,0,0,0,0,0,1,1,1,1,0,0,0,0,1,1,1,1,0,0,0,0,1,1,0,0,0,0,4,4,,,,,,,,,,,,,,,,,,
SKB KASINTUVU,P9962784,7,0,2,3,2,1,3,0,3,0,4,9,1,0,0,0,0,0,0,0,0,0,0,0,0,0,0,0,0,0,0,0,0,0,0,0,0,0,0,0,8,13,1,142,108,34,5,5,0,0,0,0,0,0,1,1,1,1,0,0,0,0,2,6,0,0,0,0,0,0,1,1,0,0,0,0,1,1,,,,,,,,,,,,,,,,,,
SKB Kab. Situbondo,P9959824,6,2,2,3,1,1,3,0,1,0,4,8,0,0,0,0,0,0,0,0,0,0,0,0,0,0,0,0,0,0,0,0,0,0,0,0,0,0,0,0,7,12,0,72,33,39,11,11,1,1,0,0,0,0,1,1,1,1,1,1,0,0,4,4,0,0,0,0,0,0,0,0,1,1,0,0,2,2,,,,,,,,,,,,,,,,,,
SKB CERME,P9959809,57,2,7,5,3,1,6,1,5,1,4,8,2,6,0,0,0,0,0,0,0,0,0,0,0,0,0,0,0,0,0,0,0,0,0,0,0,0,0,0,37,12,8,1532,1011,521,11,11,1,1,1,1,0,0,2,2,2,2,1,1,0,0,6,6,1,1,0,0,1,1,1,1,0,0,0,0,9,9,,,,,,,,,,,,,,,,,,
SKB Kab. Kotawaringin Timur,P9970216,16,5,1,2,2,3,2,2,4,5,3,15,1,2,0,0,0,0,0,0,0,0,0,0,0,0,0,0,0,0,0,0,0,0,0,0,0,0,0,0,27,18,3,427,255,172,14,14,0,0,0,0,0,0,1,1,1,1,0,0,0,0,5,6,1,1,0,0,0,0,1,1,0,0,0,0,8,8,,,,,,,,,,,,,,,,,,
SPNF SKB PELAIHARI,P9968096,11,0,2,3,5,2,4,0,4,0,6,6,0,1,0,0,0,0,0,0,0,0,0,0,0,0,0,0,0,0,0,0,0,0,0,0,0,0,0,0,13,12,1,269,153,116,5,5,0,0,0,0,0,0,1,1,1,1,0,0,0,0,2,2,0,0,0,0,0,0,1,1,0,0,0,0,1,1,,,,,,,,,,,,,,,,,,
SKB  KABUPATEN MERANGIN ,P9954204,15,1,0,0,0,0,0,0,4,0,4,18,2,2,0,0,0,0,0,0,0,0,0,0,0,0,0,0,0,0,0,0,0,0,0,0,0,0,0,0,45,22,4,444,273,171,6,6,1,1,1,1,0,0,1,1,1,1,1,1,0,0,3,3,0,0,0,0,0,0,0,0,0,0,0,0,1,1,,,,,,,,,,,,,,,,,,
SKB KABUPATEN ACEH TENGGARA,P9970184,0,0,0,0,0,0,0,0,0,0,0,0,0,0,0,0,0,0,0,0,0,0,0,0,0,0,0,0,0,0,0,0,0,0,0,0,0,0,0,0,0,0,0,0,0,0,1,0,0,0,0,0,0,0,0,0,0,0,0,0,0,0,0,0,0,0,0,0,0,0,0,0,0,0,0,0,5,5,,,,,,,,,,,,,,,,,,
SKB Buton Utara,P9957031,25,6,10,19,9,6,10,5,10,2,7,25,1,3,0,0,0,0,0,0,0,0,0,0,0,0,0,0,0,0,0,0,0,0,0,0,0,0,0,0,13,32,4,680,356,324,14,14,1,1,0,0,0,0,1,1,1,1,0,0,0,0,3,3,1,1,0,0,0,0,1,1,0,0,0,0,7,7,,,,,,,,,,,,,,,,,,
SKB NUNUKAN,P9962887,18,6,2,2,1,0,1,0,2,0,2,16,7,9,0,0,0,0,0,0,0,0,0,0,0,0,0,0,0,0,0,0,0,0,0,0,0,0,0,0,12,18,16,103,54,49,6,6,2,2,1,1,0,0,2,2,3,3,1,1,1,1,10,10,1,1,0,0,0,0,0,0,0,0,0,0,8,8,,,,,,,,,,,,,,,,,,
SKB RANDONG,P9969987,0,0,0,0,0,0,0,0,0,0,0,2,0,0,0,0,0,0,0,0,0,0,0,0,0,0,0,0,0,0,0,0,0,0,0,0,0,0,0,0,0,2,0,0,0,0,8,0,1,0,0,0,0,0,1,0,1,0,0,0,0,0,6,0,1,0,0,0,0,0,1,0,0,0,0,0,3,3,,,,,,,,,,,,,,,,,,
SKB KARANGANYAR,P9948398,17,1,0,0,0,0,0,0,3,0,5,5,2,3,0,0,0,0,0,0,0,0,0,0,0,0,0,0,0,0,0,0,0,0,0,0,0,0,0,0,25,10,5,413,260,153,9,9,1,1,0,0,0,0,1,1,1,1,1,1,0,0,4,4,1,1,0,0,0,0,0,0,0,0,0,0,1,1,,,,,,,,,,,,,,,,,,
SKB KOTA PAGAR ALAM,P9963067,0,0,0,0,0,0,0,0,0,0,0,6,1,0,0,0,0,0,0,0,0,0,0,0,0,0,0,0,0,0,0,0,0,0,0,0,0,0,0,0,0,6,1,0,0,0,2,0,0,0,0,0,0,0,0,0,1,0,0,0,0,0,2,0,0,0,0,0,0,0,0,0,0,0,0,0,1,1,,,,,,,,,,,,,,,,,,
SPNF SANGGAR KEGIATAN BELAJAR (SKB) KUANTAN SINGINGI,P9952712,7,0,2,1,1,1,2,0,2,0,3,3,1,2,0,0,0,0,0,0,0,0,0,0,0,0,0,0,0,0,0,0,0,0,0,0,0,0,0,0,12,6,3,115,97,18,4,4,0,0,0,0,0,0,1,1,1,1,0,0,0,0,4,4,0,0,0,0,0,0,1,1,0,0,0,0,1,1,,,,,,,,,,,,,,,,,,
SANGGAR KEGIATAN BELAJAR (SKB) MAROS,P9962685,14,5,1,3,1,1,2,1,3,3,3,15,0,0,0,0,0,0,0,0,0,0,0,0,0,0,0,0,0,0,0,0,0,0,0,0,0,0,0,0,11,18,0,302,196,106,24,24,1,1,0,0,0,0,1,1,1,1,2,1,0,0,1,1,1,1,0,0,0,0,1,1,0,0,0,0,11,5,,,,,,,,,,,,,,,,,,
SKB TRENGGALEK,P9962692,10,2,1,1,1,1,1,2,2,2,1,8,2,2,0,0,0,0,0,0,0,0,0,0,0,0,0,0,0,0,0,0,0,0,0,0,0,0,0,0,20,9,4,243,112,131,8,8,1,1,1,1,0,0,1,1,1,1,1,1,1,1,4,4,1,1,0,0,0,0,1,1,0,0,0,0,6,6,,,,,,,,,,,,,,,,,,
SKB Kota Bitung,P9960003,8,0,2,5,6,2,2,1,2,1,0,0,1,0,0,0,0,0,0,0,0,0,0,0,0,0,0,0,0,0,0,0,0,0,0,0,0,0,0,0,5,0,1,228,132,96,5,5,0,0,0,0,0,0,3,3,2,2,0,0,0,0,5,5,2,2,0,0,1,1,0,0,0,0,0,0,10,10,,,,,,,,,,,,,,,,,,
UPT SPNF SKB SIDOARJO,P9970534,15,4,2,4,2,1,3,5,3,5,4,11,2,3,0,0,0,0,0,0,0,0,0,0,0,0,0,0,0,0,0,0,0,0,0,0,0,0,0,0,12,15,5,259,161,98,4,4,0,0,0,0,0,0,1,1,1,1,0,0,0,0,3,3,1,1,0,0,0,0,0,0,0,0,0,0,1,1,,,,,,,,,,,,,,,,,,
